14-May-2026 12:45:25.980 INFO [main] org.apache.catalina.startup.VersionLoggerListener.log Server version name:   Apache Tomcat/8.5.96
14-May-2026 12:45:25.981 INFO [main] org.apache.catalina.startup.VersionLoggerListener.log Server built:          Nov 10 2023 14:56:59 UTC
14-May-2026 12:45:25.982 INFO [main] org.apache.catalina.startup.VersionLoggerListener.log Server version number: 8.5.96.0
14-May-2026 12:45:25.983 INFO [main] org.apache.catalina.startup.VersionLoggerListener.log OS Name:               Windows 10
14-May-2026 12:45:25.983 INFO [main] org.apache.catalina.startup.VersionLoggerListener.log OS Version:            10.0
14-May-2026 12:45:25.983 INFO [main] org.apache.catalina.startup.VersionLoggerListener.log Architecture:          amd64
14-May-2026 12:45:25.983 INFO [main] org.apache.catalina.startup.VersionLoggerListener.log Java Home:             C:\Program Files\Java\jre1.8.0_251
14-May-2026 12:45:25.984 INFO [main] org.apache.catalina.startup.VersionLoggerListener.log JVM Version:           1.8.0_251-b08
14-May-2026 12:45:25.984 INFO [main] org.apache.catalina.startup.VersionLoggerListener.log JVM Vendor:            Oracle Corporation
14-May-2026 12:45:25.984 INFO [main] org.apache.catalina.startup.VersionLoggerListener.log CATALINA_BASE:         C:\xampp\tomcat
14-May-2026 12:45:25.984 INFO [main] org.apache.catalina.startup.VersionLoggerListener.log CATALINA_HOME:         C:\xampp\tomcat
14-May-2026 12:45:25.984 INFO [main] org.apache.catalina.startup.VersionLoggerListener.log Command line argument: -Djava.util.logging.config.file=c:\xampp\tomcat\conf\logging.properties
14-May-2026 12:45:25.984 INFO [main] org.apache.catalina.startup.VersionLoggerListener.log Command line argument: -Djava.util.logging.manager=org.apache.juli.ClassLoaderLogManager
14-May-2026 12:45:25.984 INFO [main] org.apache.catalina.startup.VersionLoggerListener.log Command line argument: -Djdk.tls.ephemeralDHKeySize=2048
14-May-2026 12:45:25.984 INFO [main] org.apache.catalina.startup.VersionLoggerListener.log Command line argument: -Djava.protocol.handler.pkgs=org.apache.catalina.webresources
14-May-2026 12:45:25.985 INFO [main] org.apache.catalina.startup.VersionLoggerListener.log Command line argument: -Dignore.endorsed.dirs=
14-May-2026 12:45:25.985 INFO [main] org.apache.catalina.startup.VersionLoggerListener.log Command line argument: -Dcatalina.base=c:\xampp\tomcat
14-May-2026 12:45:25.985 INFO [main] org.apache.catalina.startup.VersionLoggerListener.log Command line argument: -Dcatalina.home=c:\xampp\tomcat
14-May-2026 12:45:25.985 INFO [main] org.apache.catalina.startup.VersionLoggerListener.log Command line argument: -Djava.io.tmpdir=c:\xampp\tomcat\temp
14-May-2026 12:45:25.985 INFO [main] org.apache.catalina.core.AprLifecycleListener.lifecycleEvent The Apache Tomcat Native library which allows using OpenSSL was not found on the java.library.path: [C:\Program Files\Java\jre1.8.0_251\bin;C:\WINDOWS\Sun\Java\bin;C:\WINDOWS\system32;C:\WINDOWS;C:\Program Files (x86)\Common Files\Oracle\Java\javapath;C:\Windows\system32;C:\Windows;C:\Windows\System32\Wbem;C:\Windows\System32\WindowsPowerShell\v1.0\;C:\Windows\System32\OpenSSH\;C:\Program Files (x86)\NVIDIA Corporation\PhysX\Common;C:\WINDOWS\system32;C:\WINDOWS;C:\WINDOWS\System32\Wbem;C:\WINDOWS\System32\WindowsPowerShell\v1.0\;C:\WINDOWS\System32\OpenSSH\;C:\Program Files\NVIDIA Corporation\NVIDIA app\NvDLISR;C:\Program Files\dotnet\;C:\Program Files (x86)\Windows Kits\10\Windows Performance Toolkit\;C:\Program Files\Git\cmd;C:\Program Files\Cloudflare\Cloudflare WARP\;apache-maven-3.9.15\bin;C:\Program Files\apache-maven-3.9.15;C:\Users\Acer\AppData\Local\Microsoft\WindowsApps;C:\Users\Acer\AppData\Local\Programs\Microsoft VS Code\bin;.]
14-May-2026 12:45:26.052 INFO [main] org.apache.coyote.AbstractProtocol.init Initializing ProtocolHandler ["http-nio-8080"]
14-May-2026 12:45:26.063 INFO [main] org.apache.catalina.startup.Catalina.load Initialization processed in 280 ms
14-May-2026 12:45:26.078 INFO [main] org.apache.catalina.core.StandardService.startInternal Starting service [Catalina]
14-May-2026 12:45:26.079 INFO [main] org.apache.catalina.core.StandardEngine.startInternal Starting Servlet engine: [Apache Tomcat/8.5.96]
14-May-2026 12:45:26.085 INFO [localhost-startStop-1] org.apache.catalina.startup.HostConfig.deployDirectory Deploying web application directory [C:\xampp\tomcat\webapps\blogphim]
14-May-2026 12:45:26.182 WARNING [localhost-startStop-1] org.apache.tomcat.util.descriptor.web.WebXml.setVersion Unknown version string [4.0]. Default version will be used.
14-May-2026 12:45:26.218 SEVERE [localhost-startStop-1] org.apache.catalina.core.ContainerBase.addChildInternal ContainerBase.addChild: start: 
	org.apache.catalina.LifecycleException: Failed to start component [StandardEngine[Catalina].StandardHost[localhost].StandardContext[/blogphim]]
		at org.apache.catalina.util.LifecycleBase.handleSubClassException(LifecycleBase.java:419)
		at org.apache.catalina.util.LifecycleBase.start(LifecycleBase.java:186)
		at org.apache.catalina.core.ContainerBase.addChildInternal(ContainerBase.java:710)
		at org.apache.catalina.core.ContainerBase.addChild(ContainerBase.java:687)
		at org.apache.catalina.core.StandardHost.addChild(StandardHost.java:660)
		at org.apache.catalina.startup.HostConfig.deployDirectory(HostConfig.java:1177)
		at org.apache.catalina.startup.HostConfig$DeployDirectory.run(HostConfig.java:1925)
		at java.util.concurrent.Executors$RunnableAdapter.call(Unknown Source)
		at java.util.concurrent.FutureTask.run(Unknown Source)
		at java.util.concurrent.ThreadPoolExecutor.runWorker(Unknown Source)
		at java.util.concurrent.ThreadPoolExecutor$Worker.run(Unknown Source)
		at java.lang.Thread.run(Unknown Source)
	Caused by: java.lang.IllegalArgumentException: The servlets named [MovieServlet] and [web.main.java.servlet.MovieServlet] are both mapped to the url-pattern [/movies] which is not permitted
		at org.apache.tomcat.util.descriptor.web.WebXml.addServletMappingDecoded(WebXml.java:351)
		at org.apache.tomcat.util.descriptor.web.WebXml.addServletMapping(WebXml.java:344)
		at org.apache.catalina.startup.ContextConfig.processAnnotationWebServlet(ContextConfig.java:2351)
		at org.apache.catalina.startup.ContextConfig.processClass(ContextConfig.java:2030)
		at org.apache.catalina.startup.ContextConfig.processAnnotationsStream(ContextConfig.java:2019)
		at org.apache.catalina.startup.ContextConfig.processAnnotationsWebResource(ContextConfig.java:1920)
		at org.apache.catalina.startup.ContextConfig.processAnnotationsWebResource(ContextConfig.java:1914)
		at org.apache.catalina.startup.ContextConfig.processAnnotationsWebResource(ContextConfig.java:1914)
		at org.apache.catalina.startup.ContextConfig.processAnnotationsWebResource(ContextConfig.java:1914)
		at org.apache.catalina.startup.ContextConfig.processAnnotationsWebResource(ContextConfig.java:1914)
		at org.apache.catalina.startup.ContextConfig.processClasses(ContextConfig.java:1177)
		at org.apache.catalina.startup.ContextConfig.webConfig(ContextConfig.java:1094)
		at org.apache.catalina.startup.ContextConfig.configureStart(ContextConfig.java:780)
		at org.apache.catalina.startup.ContextConfig.lifecycleEvent(ContextConfig.java:300)
		at org.apache.catalina.util.LifecycleBase.fireLifecycleEvent(LifecycleBase.java:114)
		at org.apache.catalina.core.StandardContext.startInternal(StandardContext.java:4804)
		at org.apache.catalina.util.LifecycleBase.start(LifecycleBase.java:171)
		... 10 more
14-May-2026 12:45:26.220 SEVERE [localhost-startStop-1] org.apache.catalina.startup.HostConfig.deployDirectory Error deploying web application directory [C:\xampp\tomcat\webapps\blogphim]
	java.lang.IllegalStateException: Error starting child
		at org.apache.catalina.core.ContainerBase.addChildInternal(ContainerBase.java:714)
		at org.apache.catalina.core.ContainerBase.addChild(ContainerBase.java:687)
		at org.apache.catalina.core.StandardHost.addChild(StandardHost.java:660)
		at org.apache.catalina.startup.HostConfig.deployDirectory(HostConfig.java:1177)
		at org.apache.catalina.startup.HostConfig$DeployDirectory.run(HostConfig.java:1925)
		at java.util.concurrent.Executors$RunnableAdapter.call(Unknown Source)
		at java.util.concurrent.FutureTask.run(Unknown Source)
		at java.util.concurrent.ThreadPoolExecutor.runWorker(Unknown Source)
		at java.util.concurrent.ThreadPoolExecutor$Worker.run(Unknown Source)
		at java.lang.Thread.run(Unknown Source)
	Caused by: org.apache.catalina.LifecycleException: Failed to start component [StandardEngine[Catalina].StandardHost[localhost].StandardContext[/blogphim]]
		at org.apache.catalina.util.LifecycleBase.handleSubClassException(LifecycleBase.java:419)
		at org.apache.catalina.util.LifecycleBase.start(LifecycleBase.java:186)
		at org.apache.catalina.core.ContainerBase.addChildInternal(ContainerBase.java:710)
		... 9 more
	Caused by: java.lang.IllegalArgumentException: The servlets named [MovieServlet] and [web.main.java.servlet.MovieServlet] are both mapped to the url-pattern [/movies] which is not permitted
		at org.apache.tomcat.util.descriptor.web.WebXml.addServletMappingDecoded(WebXml.java:351)
		at org.apache.tomcat.util.descriptor.web.WebXml.addServletMapping(WebXml.java:344)
		at org.apache.catalina.startup.ContextConfig.processAnnotationWebServlet(ContextConfig.java:2351)
		at org.apache.catalina.startup.ContextConfig.processClass(ContextConfig.java:2030)
		at org.apache.catalina.startup.ContextConfig.processAnnotationsStream(ContextConfig.java:2019)
		at org.apache.catalina.startup.ContextConfig.processAnnotationsWebResource(ContextConfig.java:1920)
		at org.apache.catalina.startup.ContextConfig.processAnnotationsWebResource(ContextConfig.java:1914)
		at org.apache.catalina.startup.ContextConfig.processAnnotationsWebResource(ContextConfig.java:1914)
		at org.apache.catalina.startup.ContextConfig.processAnnotationsWebResource(ContextConfig.java:1914)
		at org.apache.catalina.startup.ContextConfig.processAnnotationsWebResource(ContextConfig.java:1914)
		at org.apache.catalina.startup.ContextConfig.processClasses(ContextConfig.java:1177)
		at org.apache.catalina.startup.ContextConfig.webConfig(ContextConfig.java:1094)
		at org.apache.catalina.startup.ContextConfig.configureStart(ContextConfig.java:780)
		at org.apache.catalina.startup.ContextConfig.lifecycleEvent(ContextConfig.java:300)
		at org.apache.catalina.util.LifecycleBase.fireLifecycleEvent(LifecycleBase.java:114)
		at org.apache.catalina.core.StandardContext.startInternal(StandardContext.java:4804)
		at org.apache.catalina.util.LifecycleBase.start(LifecycleBase.java:171)
		... 10 more
14-May-2026 12:45:26.222 INFO [localhost-startStop-1] org.apache.catalina.startup.HostConfig.deployDirectory Deployment of web application directory [C:\xampp\tomcat\webapps\blogphim] has finished in [136] ms
14-May-2026 12:45:26.222 INFO [localhost-startStop-1] org.apache.catalina.startup.HostConfig.deployDirectory Deploying web application directory [C:\xampp\tomcat\webapps\docs]
14-May-2026 12:45:26.386 INFO [localhost-startStop-1] org.apache.catalina.startup.HostConfig.deployDirectory Deployment of web application directory [C:\xampp\tomcat\webapps\docs] has finished in [164] ms
14-May-2026 12:45:26.386 INFO [localhost-startStop-1] org.apache.catalina.startup.HostConfig.deployDirectory Deploying web application directory [C:\xampp\tomcat\webapps\examples]
14-May-2026 12:45:26.561 INFO [localhost-startStop-1] org.apache.catalina.startup.HostConfig.deployDirectory Deployment of web application directory [C:\xampp\tomcat\webapps\examples] has finished in [175] ms
14-May-2026 12:45:26.561 INFO [localhost-startStop-1] org.apache.catalina.startup.HostConfig.deployDirectory Deploying web application directory [C:\xampp\tomcat\webapps\host-manager]
14-May-2026 12:45:26.575 INFO [localhost-startStop-1] org.apache.catalina.startup.HostConfig.deployDirectory Deployment of web application directory [C:\xampp\tomcat\webapps\host-manager] has finished in [14] ms
14-May-2026 12:45:26.575 INFO [localhost-startStop-1] org.apache.catalina.startup.HostConfig.deployDirectory Deploying web application directory [C:\xampp\tomcat\webapps\manager]
14-May-2026 12:45:26.587 INFO [localhost-startStop-1] org.apache.catalina.startup.HostConfig.deployDirectory Deployment of web application directory [C:\xampp\tomcat\webapps\manager] has finished in [12] ms
14-May-2026 12:45:26.587 INFO [localhost-startStop-1] org.apache.catalina.startup.HostConfig.deployDirectory Deploying web application directory [C:\xampp\tomcat\webapps\ROOT]
14-May-2026 12:45:26.597 INFO [localhost-startStop-1] org.apache.catalina.startup.HostConfig.deployDirectory Deployment of web application directory [C:\xampp\tomcat\webapps\ROOT] has finished in [10] ms
14-May-2026 12:45:26.599 INFO [main] org.apache.coyote.AbstractProtocol.start Starting ProtocolHandler ["http-nio-8080"]
14-May-2026 12:45:26.637 INFO [main] org.apache.catalina.startup.Catalina.start Server startup in 573 ms
14-May-2026 12:50:16.850 INFO [ContainerBackgroundProcessor[StandardEngine[Catalina]]] org.apache.catalina.startup.HostConfig.reload Reloading context [/blogphim]
14-May-2026 12:50:17.030 INFO [ContainerBackgroundProcessor[StandardEngine[Catalina]]] org.apache.jasper.servlet.TldScanner.scanJars At least one JAR was scanned for TLDs yet contained no TLDs. Enable debug logging for this logger for a complete list of JARs that were scanned but no TLDs were found in them. Skipping unneeded JARs during scanning can improve startup time and JSP compilation time.
14-May-2026 12:50:27.234 INFO [main] org.apache.catalina.core.StandardServer.await A valid shutdown command was received via the shutdown port. Stopping the Server instance.
14-May-2026 12:50:27.234 INFO [main] org.apache.coyote.AbstractProtocol.pause Pausing ProtocolHandler ["http-nio-8080"]
14-May-2026 12:50:27.309 INFO [main] org.apache.catalina.core.StandardService.stopInternal Stopping service [Catalina]
14-May-2026 12:50:27.320 INFO [main] org.apache.coyote.AbstractProtocol.stop Stopping ProtocolHandler ["http-nio-8080"]
14-May-2026 12:50:27.336 INFO [main] org.apache.coyote.AbstractProtocol.destroy Destroying ProtocolHandler ["http-nio-8080"]
14-May-2026 12:52:15.852 INFO [main] org.apache.catalina.startup.VersionLoggerListener.log Server version name:   Apache Tomcat/8.5.96
14-May-2026 12:52:15.854 INFO [main] org.apache.catalina.startup.VersionLoggerListener.log Server built:          Nov 10 2023 14:56:59 UTC
14-May-2026 12:52:15.854 INFO [main] org.apache.catalina.startup.VersionLoggerListener.log Server version number: 8.5.96.0
14-May-2026 12:52:15.854 INFO [main] org.apache.catalina.startup.VersionLoggerListener.log OS Name:               Windows 10
14-May-2026 12:52:15.854 INFO [main] org.apache.catalina.startup.VersionLoggerListener.log OS Version:            10.0
14-May-2026 12:52:15.854 INFO [main] org.apache.catalina.startup.VersionLoggerListener.log Architecture:          amd64
14-May-2026 12:52:15.854 INFO [main] org.apache.catalina.startup.VersionLoggerListener.log Java Home:             C:\Program Files\Java\jre1.8.0_251
14-May-2026 12:52:15.855 INFO [main] org.apache.catalina.startup.VersionLoggerListener.log JVM Version:           1.8.0_251-b08
14-May-2026 12:52:15.855 INFO [main] org.apache.catalina.startup.VersionLoggerListener.log JVM Vendor:            Oracle Corporation
14-May-2026 12:52:15.855 INFO [main] org.apache.catalina.startup.VersionLoggerListener.log CATALINA_BASE:         C:\xampp\tomcat
14-May-2026 12:52:15.855 INFO [main] org.apache.catalina.startup.VersionLoggerListener.log CATALINA_HOME:         C:\xampp\tomcat
14-May-2026 12:52:15.855 INFO [main] org.apache.catalina.startup.VersionLoggerListener.log Command line argument: -Djava.util.logging.config.file=C:\xampp\tomcat\conf\logging.properties
14-May-2026 12:52:15.855 INFO [main] org.apache.catalina.startup.VersionLoggerListener.log Command line argument: -Djava.util.logging.manager=org.apache.juli.ClassLoaderLogManager
14-May-2026 12:52:15.855 INFO [main] org.apache.catalina.startup.VersionLoggerListener.log Command line argument: -Djdk.tls.ephemeralDHKeySize=2048
14-May-2026 12:52:15.855 INFO [main] org.apache.catalina.startup.VersionLoggerListener.log Command line argument: -Djava.protocol.handler.pkgs=org.apache.catalina.webresources
14-May-2026 12:52:15.855 INFO [main] org.apache.catalina.startup.VersionLoggerListener.log Command line argument: -Dignore.endorsed.dirs=
14-May-2026 12:52:15.855 INFO [main] org.apache.catalina.startup.VersionLoggerListener.log Command line argument: -Dcatalina.base=C:\xampp\tomcat
14-May-2026 12:52:15.856 INFO [main] org.apache.catalina.startup.VersionLoggerListener.log Command line argument: -Dcatalina.home=C:\xampp\tomcat
14-May-2026 12:52:15.856 INFO [main] org.apache.catalina.startup.VersionLoggerListener.log Command line argument: -Djava.io.tmpdir=C:\xampp\tomcat\temp
14-May-2026 12:52:15.856 INFO [main] org.apache.catalina.core.AprLifecycleListener.lifecycleEvent The Apache Tomcat Native library which allows using OpenSSL was not found on the java.library.path: [C:\Program Files\Java\jre1.8.0_251\bin;C:\WINDOWS\Sun\Java\bin;C:\WINDOWS\system32;C:\WINDOWS;c:\Users\Acer\AppData\Roaming\Code\User\globalStorage\github.copilot-chat\debugCommand;c:\Users\Acer\AppData\Roaming\Code\User\globalStorage\github.copilot-chat\copilotCli;C:\Users\Acer\AppData\Local\Programs\Microsoft VS Code;C:\Program Files (x86)\Common Files\Oracle\Java\javapath;C:\Windows\system32;C:\Windows;C:\Windows\System32\Wbem;C:\Windows\System32\WindowsPowerShell\v1.0\;C:\Windows\System32\OpenSSH\;C:\Program Files (x86)\NVIDIA Corporation\PhysX\Common;C:\WINDOWS\system32;C:\WINDOWS;C:\WINDOWS\System32\Wbem;C:\WINDOWS\System32\WindowsPowerShell\v1.0\;C:\WINDOWS\System32\OpenSSH\;C:\Program Files\NVIDIA Corporation\NVIDIA app\NvDLISR;C:\Program Files\dotnet\;C:\Program Files (x86)\Windows Kits\10\Windows Performance Toolkit\;C:\Program Files\Git\cmd;C:\Program Files\Cloudflare\Cloudflare WARP\;apache-maven-3.9.15\bin;C:\Program Files\apache-maven-3.9.15;C:\Users\Acer\AppData\Local\Microsoft\WindowsApps;C:\Users\Acer\AppData\Local\Programs\Microsoft VS Code\bin;c:\Users\Acer\.vscode\extensions\vscjava.vscode-java-debug-0.59.0\bundled\scripts\noConfigScripts;C:\Program Files\Eclipse Adoptium\jdk-25.0.3.9-hotspot\bin;C:\Program Files\Eclipse Adoptium\jdk-25.0.3.9-hotspot\bin;.]
14-May-2026 12:52:15.921 INFO [main] org.apache.coyote.AbstractProtocol.init Initializing ProtocolHandler ["http-nio-8080"]
14-May-2026 12:52:15.931 INFO [main] org.apache.catalina.startup.Catalina.load Initialization processed in 272 ms
14-May-2026 12:52:15.946 INFO [main] org.apache.catalina.core.StandardService.startInternal Starting service [Catalina]
14-May-2026 12:52:15.946 INFO [main] org.apache.catalina.core.StandardEngine.startInternal Starting Servlet engine: [Apache Tomcat/8.5.96]
14-May-2026 12:52:15.951 INFO [localhost-startStop-1] org.apache.catalina.startup.HostConfig.deployDirectory Deploying web application directory [C:\xampp\tomcat\webapps\blogphim]
14-May-2026 12:52:16.041 WARNING [localhost-startStop-1] org.apache.tomcat.util.descriptor.web.WebXml.setVersion Unknown version string [4.0]. Default version will be used.
14-May-2026 12:52:16.289 INFO [localhost-startStop-1] org.apache.jasper.servlet.TldScanner.scanJars At least one JAR was scanned for TLDs yet contained no TLDs. Enable debug logging for this logger for a complete list of JARs that were scanned but no TLDs were found in them. Skipping unneeded JARs during scanning can improve startup time and JSP compilation time.
14-May-2026 12:52:16.396 INFO [localhost-startStop-1] org.apache.catalina.startup.HostConfig.deployDirectory Deployment of web application directory [C:\xampp\tomcat\webapps\blogphim] has finished in [444] ms
14-May-2026 12:52:16.396 INFO [localhost-startStop-1] org.apache.catalina.startup.HostConfig.deployDirectory Deploying web application directory [C:\xampp\tomcat\webapps\docs]
14-May-2026 12:52:16.409 INFO [localhost-startStop-1] org.apache.catalina.startup.HostConfig.deployDirectory Deployment of web application directory [C:\xampp\tomcat\webapps\docs] has finished in [13] ms
14-May-2026 12:52:16.409 INFO [localhost-startStop-1] org.apache.catalina.startup.HostConfig.deployDirectory Deploying web application directory [C:\xampp\tomcat\webapps\examples]
14-May-2026 12:52:16.542 INFO [localhost-startStop-1] org.apache.catalina.startup.HostConfig.deployDirectory Deployment of web application directory [C:\xampp\tomcat\webapps\examples] has finished in [132] ms
14-May-2026 12:52:16.542 INFO [localhost-startStop-1] org.apache.catalina.startup.HostConfig.deployDirectory Deploying web application directory [C:\xampp\tomcat\webapps\host-manager]
14-May-2026 12:52:16.554 INFO [localhost-startStop-1] org.apache.catalina.startup.HostConfig.deployDirectory Deployment of web application directory [C:\xampp\tomcat\webapps\host-manager] has finished in [12] ms
14-May-2026 12:52:16.554 INFO [localhost-startStop-1] org.apache.catalina.startup.HostConfig.deployDirectory Deploying web application directory [C:\xampp\tomcat\webapps\manager]
14-May-2026 12:52:16.565 INFO [localhost-startStop-1] org.apache.catalina.startup.HostConfig.deployDirectory Deployment of web application directory [C:\xampp\tomcat\webapps\manager] has finished in [11] ms
14-May-2026 12:52:16.566 INFO [localhost-startStop-1] org.apache.catalina.startup.HostConfig.deployDirectory Deploying web application directory [C:\xampp\tomcat\webapps\ROOT]
14-May-2026 12:52:16.574 INFO [localhost-startStop-1] org.apache.catalina.startup.HostConfig.deployDirectory Deployment of web application directory [C:\xampp\tomcat\webapps\ROOT] has finished in [8] ms
14-May-2026 12:52:16.585 INFO [main] org.apache.coyote.AbstractProtocol.start Starting ProtocolHandler ["http-nio-8080"]
14-May-2026 12:52:16.618 INFO [main] org.apache.catalina.startup.Catalina.start Server startup in 686 ms
14-May-2026 13:01:07.429 INFO [main] org.apache.catalina.startup.VersionLoggerListener.log Server version name:   Apache Tomcat/8.5.96
14-May-2026 13:01:07.431 INFO [main] org.apache.catalina.startup.VersionLoggerListener.log Server built:          Nov 10 2023 14:56:59 UTC
14-May-2026 13:01:07.432 INFO [main] org.apache.catalina.startup.VersionLoggerListener.log Server version number: 8.5.96.0
14-May-2026 13:01:07.432 INFO [main] org.apache.catalina.startup.VersionLoggerListener.log OS Name:               Windows 10
14-May-2026 13:01:07.433 INFO [main] org.apache.catalina.startup.VersionLoggerListener.log OS Version:            10.0
14-May-2026 13:01:07.433 INFO [main] org.apache.catalina.startup.VersionLoggerListener.log Architecture:          amd64
14-May-2026 13:01:07.433 INFO [main] org.apache.catalina.startup.VersionLoggerListener.log Java Home:             C:\Program Files\Java\jre1.8.0_251
14-May-2026 13:01:07.433 INFO [main] org.apache.catalina.startup.VersionLoggerListener.log JVM Version:           1.8.0_251-b08
14-May-2026 13:01:07.433 INFO [main] org.apache.catalina.startup.VersionLoggerListener.log JVM Vendor:            Oracle Corporation
14-May-2026 13:01:07.433 INFO [main] org.apache.catalina.startup.VersionLoggerListener.log CATALINA_BASE:         C:\xampp\tomcat
14-May-2026 13:01:07.434 INFO [main] org.apache.catalina.startup.VersionLoggerListener.log CATALINA_HOME:         C:\xampp\tomcat
14-May-2026 13:01:07.434 INFO [main] org.apache.catalina.startup.VersionLoggerListener.log Command line argument: -Djava.util.logging.config.file=C:\xampp\tomcat\conf\logging.properties
14-May-2026 13:01:07.434 INFO [main] org.apache.catalina.startup.VersionLoggerListener.log Command line argument: -Djava.util.logging.manager=org.apache.juli.ClassLoaderLogManager
14-May-2026 13:01:07.434 INFO [main] org.apache.catalina.startup.VersionLoggerListener.log Command line argument: -Djdk.tls.ephemeralDHKeySize=2048
14-May-2026 13:01:07.434 INFO [main] org.apache.catalina.startup.VersionLoggerListener.log Command line argument: -Djava.protocol.handler.pkgs=org.apache.catalina.webresources
14-May-2026 13:01:07.434 INFO [main] org.apache.catalina.startup.VersionLoggerListener.log Command line argument: -Dignore.endorsed.dirs=
14-May-2026 13:01:07.434 INFO [main] org.apache.catalina.startup.VersionLoggerListener.log Command line argument: -Dcatalina.base=C:\xampp\tomcat
14-May-2026 13:01:07.434 INFO [main] org.apache.catalina.startup.VersionLoggerListener.log Command line argument: -Dcatalina.home=C:\xampp\tomcat
14-May-2026 13:01:07.434 INFO [main] org.apache.catalina.startup.VersionLoggerListener.log Command line argument: -Djava.io.tmpdir=C:\xampp\tomcat\temp
14-May-2026 13:01:07.435 INFO [main] org.apache.catalina.core.AprLifecycleListener.lifecycleEvent Loaded Apache Tomcat Native library [1.2.39] using APR version [1.7.4].
14-May-2026 13:01:07.435 INFO [main] org.apache.catalina.core.AprLifecycleListener.lifecycleEvent APR capabilities: IPv6 [true], sendfile [true], accept filters [false], random [true], UDS [{4}].
14-May-2026 13:01:07.435 INFO [main] org.apache.catalina.core.AprLifecycleListener.lifecycleEvent APR/OpenSSL configuration: useAprConnector [false], useOpenSSL [true]
14-May-2026 13:01:07.460 INFO [main] org.apache.catalina.core.AprLifecycleListener.initializeSSL OpenSSL successfully initialized [OpenSSL 3.0.11 19 Sep 2023]
14-May-2026 13:01:07.545 INFO [main] org.apache.coyote.AbstractProtocol.init Initializing ProtocolHandler ["http-nio-8080"]
14-May-2026 13:01:07.553 SEVERE [main] org.apache.catalina.core.StandardService.initInternal Failed to initialize connector [Connector["http-nio-8080"]]
	org.apache.catalina.LifecycleException: Protocol handler initialization failed
		at org.apache.catalina.connector.Connector.initInternal(Connector.java:1075)
		at org.apache.catalina.util.LifecycleBase.init(LifecycleBase.java:127)
		at org.apache.catalina.core.StandardService.initInternal(StandardService.java:564)
		at org.apache.catalina.util.LifecycleBase.init(LifecycleBase.java:127)
		at org.apache.catalina.core.StandardServer.initInternal(StandardServer.java:854)
		at org.apache.catalina.util.LifecycleBase.init(LifecycleBase.java:127)
		at org.apache.catalina.startup.Catalina.load(Catalina.java:646)
		at org.apache.catalina.startup.Catalina.load(Catalina.java:669)
		at sun.reflect.NativeMethodAccessorImpl.invoke0(Native Method)
		at sun.reflect.NativeMethodAccessorImpl.invoke(Unknown Source)
		at sun.reflect.DelegatingMethodAccessorImpl.invoke(Unknown Source)
		at java.lang.reflect.Method.invoke(Unknown Source)
		at org.apache.catalina.startup.Bootstrap.load(Bootstrap.java:307)
		at org.apache.catalina.startup.Bootstrap.main(Bootstrap.java:477)
	Caused by: java.net.BindException: Address already in use: bind
		at sun.nio.ch.Net.bind0(Native Method)
		at sun.nio.ch.Net.bind(Unknown Source)
		at sun.nio.ch.Net.bind(Unknown Source)
		at sun.nio.ch.ServerSocketChannelImpl.bind(Unknown Source)
		at sun.nio.ch.ServerSocketAdaptor.bind(Unknown Source)
		at org.apache.tomcat.util.net.NioEndpoint.initServerSocket(NioEndpoint.java:226)
		at org.apache.tomcat.util.net.NioEndpoint.bind(NioEndpoint.java:202)
		at org.apache.tomcat.util.net.AbstractEndpoint.bindWithCleanup(AbstractEndpoint.java:1326)
		at org.apache.tomcat.util.net.AbstractEndpoint.init(AbstractEndpoint.java:1339)
		at org.apache.tomcat.util.net.AbstractJsseEndpoint.init(AbstractJsseEndpoint.java:231)
		at org.apache.coyote.AbstractProtocol.init(AbstractProtocol.java:695)
		at org.apache.coyote.http11.AbstractHttp11Protocol.init(AbstractHttp11Protocol.java:76)
		at org.apache.catalina.connector.Connector.initInternal(Connector.java:1073)
		... 13 more
14-May-2026 13:01:07.554 INFO [main] org.apache.catalina.startup.Catalina.load Initialization processed in 374 ms
14-May-2026 13:01:07.572 INFO [main] org.apache.catalina.core.StandardService.startInternal Starting service [Catalina]
14-May-2026 13:01:07.572 INFO [main] org.apache.catalina.core.StandardEngine.startInternal Starting Servlet engine: [Apache Tomcat/8.5.96]
14-May-2026 13:01:07.580 INFO [localhost-startStop-1] org.apache.catalina.startup.HostConfig.deployDirectory Deploying web application directory [C:\xampp\tomcat\webapps\blogphim]
14-May-2026 13:01:07.677 WARNING [localhost-startStop-1] org.apache.tomcat.util.descriptor.web.WebXml.setVersion Unknown version string [4.0]. Default version will be used.
14-May-2026 13:01:07.923 INFO [localhost-startStop-1] org.apache.jasper.servlet.TldScanner.scanJars At least one JAR was scanned for TLDs yet contained no TLDs. Enable debug logging for this logger for a complete list of JARs that were scanned but no TLDs were found in them. Skipping unneeded JARs during scanning can improve startup time and JSP compilation time.
14-May-2026 13:01:08.036 INFO [localhost-startStop-1] org.apache.catalina.startup.HostConfig.deployDirectory Deployment of web application directory [C:\xampp\tomcat\webapps\blogphim] has finished in [455] ms
14-May-2026 13:01:08.036 INFO [localhost-startStop-1] org.apache.catalina.startup.HostConfig.deployDirectory Deploying web application directory [C:\xampp\tomcat\webapps\docs]
14-May-2026 13:01:08.050 INFO [localhost-startStop-1] org.apache.catalina.startup.HostConfig.deployDirectory Deployment of web application directory [C:\xampp\tomcat\webapps\docs] has finished in [14] ms
14-May-2026 13:01:08.050 INFO [localhost-startStop-1] org.apache.catalina.startup.HostConfig.deployDirectory Deploying web application directory [C:\xampp\tomcat\webapps\examples]
14-May-2026 13:01:08.196 INFO [localhost-startStop-1] org.apache.catalina.startup.HostConfig.deployDirectory Deployment of web application directory [C:\xampp\tomcat\webapps\examples] has finished in [146] ms
14-May-2026 13:01:08.196 INFO [localhost-startStop-1] org.apache.catalina.startup.HostConfig.deployDirectory Deploying web application directory [C:\xampp\tomcat\webapps\host-manager]
14-May-2026 13:01:08.210 INFO [localhost-startStop-1] org.apache.catalina.startup.HostConfig.deployDirectory Deployment of web application directory [C:\xampp\tomcat\webapps\host-manager] has finished in [14] ms
14-May-2026 13:01:08.211 INFO [localhost-startStop-1] org.apache.catalina.startup.HostConfig.deployDirectory Deploying web application directory [C:\xampp\tomcat\webapps\manager]
14-May-2026 13:01:08.223 INFO [localhost-startStop-1] org.apache.catalina.startup.HostConfig.deployDirectory Deployment of web application directory [C:\xampp\tomcat\webapps\manager] has finished in [12] ms
14-May-2026 13:01:08.223 INFO [localhost-startStop-1] org.apache.catalina.startup.HostConfig.deployDirectory Deploying web application directory [C:\xampp\tomcat\webapps\ROOT]
14-May-2026 13:01:08.232 INFO [localhost-startStop-1] org.apache.catalina.startup.HostConfig.deployDirectory Deployment of web application directory [C:\xampp\tomcat\webapps\ROOT] has finished in [9] ms
14-May-2026 13:01:08.234 INFO [main] org.apache.catalina.startup.Catalina.start Server startup in 679 ms
14-May-2026 13:01:08.236 SEVERE [main] org.apache.catalina.core.StandardServer.await Failed to create server shutdown socket on address [localhost] and port [8005] (base port [8005] and offset [0])
	java.net.BindException: Address already in use: JVM_Bind
		at java.net.DualStackPlainSocketImpl.bind0(Native Method)
		at java.net.DualStackPlainSocketImpl.socketBind(Unknown Source)
		at java.net.AbstractPlainSocketImpl.bind(Unknown Source)
		at java.net.PlainSocketImpl.bind(Unknown Source)
		at java.net.ServerSocket.bind(Unknown Source)
		at java.net.ServerSocket.<init>(Unknown Source)
		at org.apache.catalina.core.StandardServer.await(StandardServer.java:444)
		at org.apache.catalina.startup.Catalina.await(Catalina.java:783)
		at org.apache.catalina.startup.Catalina.start(Catalina.java:729)
		at sun.reflect.NativeMethodAccessorImpl.invoke0(Native Method)
		at sun.reflect.NativeMethodAccessorImpl.invoke(Unknown Source)
		at sun.reflect.DelegatingMethodAccessorImpl.invoke(Unknown Source)
		at java.lang.reflect.Method.invoke(Unknown Source)
		at org.apache.catalina.startup.Bootstrap.start(Bootstrap.java:347)
		at org.apache.catalina.startup.Bootstrap.main(Bootstrap.java:478)
14-May-2026 13:01:08.237 INFO [main] org.apache.coyote.AbstractProtocol.pause Pausing ProtocolHandler ["http-nio-8080"]
14-May-2026 13:01:08.237 INFO [main] org.apache.catalina.core.StandardService.stopInternal Stopping service [Catalina]
14-May-2026 13:01:08.257 INFO [main] org.apache.coyote.AbstractProtocol.stop Stopping ProtocolHandler ["http-nio-8080"]
14-May-2026 13:01:08.258 INFO [main] org.apache.coyote.AbstractProtocol.destroy Destroying ProtocolHandler ["http-nio-8080"]
14-May-2026 13:05:30.027 INFO [main] org.apache.catalina.core.StandardServer.await A valid shutdown command was received via the shutdown port. Stopping the Server instance.
14-May-2026 13:05:30.027 INFO [main] org.apache.coyote.AbstractProtocol.pause Pausing ProtocolHandler ["http-nio-8080"]
14-May-2026 13:05:30.104 INFO [main] org.apache.catalina.core.StandardService.stopInternal Stopping service [Catalina]
14-May-2026 13:05:30.116 INFO [main] org.apache.coyote.AbstractProtocol.stop Stopping ProtocolHandler ["http-nio-8080"]
14-May-2026 13:05:30.130 INFO [main] org.apache.coyote.AbstractProtocol.destroy Destroying ProtocolHandler ["http-nio-8080"]
14-May-2026 13:05:38.116 INFO [main] org.apache.catalina.startup.VersionLoggerListener.log Server version name:   Apache Tomcat/8.5.96
14-May-2026 13:05:38.118 INFO [main] org.apache.catalina.startup.VersionLoggerListener.log Server built:          Nov 10 2023 14:56:59 UTC
14-May-2026 13:05:38.118 INFO [main] org.apache.catalina.startup.VersionLoggerListener.log Server version number: 8.5.96.0
14-May-2026 13:05:38.118 INFO [main] org.apache.catalina.startup.VersionLoggerListener.log OS Name:               Windows 10
14-May-2026 13:05:38.119 INFO [main] org.apache.catalina.startup.VersionLoggerListener.log OS Version:            10.0
14-May-2026 13:05:38.119 INFO [main] org.apache.catalina.startup.VersionLoggerListener.log Architecture:          amd64
14-May-2026 13:05:38.119 INFO [main] org.apache.catalina.startup.VersionLoggerListener.log Java Home:             C:\Program Files\Java\jre1.8.0_251
14-May-2026 13:05:38.119 INFO [main] org.apache.catalina.startup.VersionLoggerListener.log JVM Version:           1.8.0_251-b08
14-May-2026 13:05:38.119 INFO [main] org.apache.catalina.startup.VersionLoggerListener.log JVM Vendor:            Oracle Corporation
14-May-2026 13:05:38.119 INFO [main] org.apache.catalina.startup.VersionLoggerListener.log CATALINA_BASE:         C:\xampp\tomcat
14-May-2026 13:05:38.119 INFO [main] org.apache.catalina.startup.VersionLoggerListener.log CATALINA_HOME:         C:\xampp\tomcat
14-May-2026 13:05:38.119 INFO [main] org.apache.catalina.startup.VersionLoggerListener.log Command line argument: -Djava.util.logging.config.file=C:\xampp\tomcat\conf\logging.properties
14-May-2026 13:05:38.119 INFO [main] org.apache.catalina.startup.VersionLoggerListener.log Command line argument: -Djava.util.logging.manager=org.apache.juli.ClassLoaderLogManager
14-May-2026 13:05:38.119 INFO [main] org.apache.catalina.startup.VersionLoggerListener.log Command line argument: -Djdk.tls.ephemeralDHKeySize=2048
14-May-2026 13:05:38.120 INFO [main] org.apache.catalina.startup.VersionLoggerListener.log Command line argument: -Djava.protocol.handler.pkgs=org.apache.catalina.webresources
14-May-2026 13:05:38.120 INFO [main] org.apache.catalina.startup.VersionLoggerListener.log Command line argument: -Dignore.endorsed.dirs=
14-May-2026 13:05:38.120 INFO [main] org.apache.catalina.startup.VersionLoggerListener.log Command line argument: -Dcatalina.base=C:\xampp\tomcat
14-May-2026 13:05:38.120 INFO [main] org.apache.catalina.startup.VersionLoggerListener.log Command line argument: -Dcatalina.home=C:\xampp\tomcat
14-May-2026 13:05:38.120 INFO [main] org.apache.catalina.startup.VersionLoggerListener.log Command line argument: -Djava.io.tmpdir=C:\xampp\tomcat\temp
14-May-2026 13:05:38.120 INFO [main] org.apache.catalina.core.AprLifecycleListener.lifecycleEvent The Apache Tomcat Native library which allows using OpenSSL was not found on the java.library.path: [C:\Program Files\Java\jre1.8.0_251\bin;C:\WINDOWS\Sun\Java\bin;C:\WINDOWS\system32;C:\WINDOWS;c:\Users\Acer\AppData\Roaming\Code\User\globalStorage\github.copilot-chat\debugCommand;c:\Users\Acer\AppData\Roaming\Code\User\globalStorage\github.copilot-chat\copilotCli;C:\Users\Acer\AppData\Local\Programs\Microsoft VS Code;C:\Program Files (x86)\Common Files\Oracle\Java\javapath;C:\Windows\system32;C:\Windows;C:\Windows\System32\Wbem;C:\Windows\System32\WindowsPowerShell\v1.0\;C:\Windows\System32\OpenSSH\;C:\Program Files (x86)\NVIDIA Corporation\PhysX\Common;C:\WINDOWS\system32;C:\WINDOWS;C:\WINDOWS\System32\Wbem;C:\WINDOWS\System32\WindowsPowerShell\v1.0\;C:\WINDOWS\System32\OpenSSH\;C:\Program Files\NVIDIA Corporation\NVIDIA app\NvDLISR;C:\Program Files\dotnet\;C:\Program Files (x86)\Windows Kits\10\Windows Performance Toolkit\;C:\Program Files\Git\cmd;C:\Program Files\Cloudflare\Cloudflare WARP\;apache-maven-3.9.15\bin;C:\Program Files\apache-maven-3.9.15;C:\Users\Acer\AppData\Local\Microsoft\WindowsApps;C:\Users\Acer\AppData\Local\Programs\Microsoft VS Code\bin;c:\Users\Acer\.vscode\extensions\vscjava.vscode-java-debug-0.59.0\bundled\scripts\noConfigScripts;C:\Program Files\Eclipse Adoptium\jdk-25.0.3.9-hotspot\bin;C:\Program Files\Eclipse Adoptium\jdk-25.0.3.9-hotspot\bin;.]
14-May-2026 13:05:38.188 INFO [main] org.apache.coyote.AbstractProtocol.init Initializing ProtocolHandler ["http-nio-8080"]
14-May-2026 13:05:38.200 INFO [main] org.apache.catalina.startup.Catalina.load Initialization processed in 291 ms
14-May-2026 13:05:38.216 INFO [main] org.apache.catalina.core.StandardService.startInternal Starting service [Catalina]
14-May-2026 13:05:38.216 INFO [main] org.apache.catalina.core.StandardEngine.startInternal Starting Servlet engine: [Apache Tomcat/8.5.96]
14-May-2026 13:05:38.222 INFO [localhost-startStop-1] org.apache.catalina.startup.HostConfig.deployDirectory Deploying web application directory [C:\xampp\tomcat\webapps\blogphim]
14-May-2026 13:05:38.550 INFO [localhost-startStop-1] org.apache.jasper.servlet.TldScanner.scanJars At least one JAR was scanned for TLDs yet contained no TLDs. Enable debug logging for this logger for a complete list of JARs that were scanned but no TLDs were found in them. Skipping unneeded JARs during scanning can improve startup time and JSP compilation time.
14-May-2026 13:05:38.674 INFO [localhost-startStop-1] org.apache.catalina.startup.HostConfig.deployDirectory Deployment of web application directory [C:\xampp\tomcat\webapps\blogphim] has finished in [451] ms
14-May-2026 13:05:38.674 INFO [localhost-startStop-1] org.apache.catalina.startup.HostConfig.deployDirectory Deploying web application directory [C:\xampp\tomcat\webapps\docs]
14-May-2026 13:05:38.688 INFO [localhost-startStop-1] org.apache.catalina.startup.HostConfig.deployDirectory Deployment of web application directory [C:\xampp\tomcat\webapps\docs] has finished in [14] ms
14-May-2026 13:05:38.689 INFO [localhost-startStop-1] org.apache.catalina.startup.HostConfig.deployDirectory Deploying web application directory [C:\xampp\tomcat\webapps\examples]
14-May-2026 13:05:38.843 INFO [localhost-startStop-1] org.apache.catalina.startup.HostConfig.deployDirectory Deployment of web application directory [C:\xampp\tomcat\webapps\examples] has finished in [155] ms
14-May-2026 13:05:38.843 INFO [localhost-startStop-1] org.apache.catalina.startup.HostConfig.deployDirectory Deploying web application directory [C:\xampp\tomcat\webapps\host-manager]
14-May-2026 13:05:38.857 INFO [localhost-startStop-1] org.apache.catalina.startup.HostConfig.deployDirectory Deployment of web application directory [C:\xampp\tomcat\webapps\host-manager] has finished in [14] ms
14-May-2026 13:05:38.857 INFO [localhost-startStop-1] org.apache.catalina.startup.HostConfig.deployDirectory Deploying web application directory [C:\xampp\tomcat\webapps\manager]
14-May-2026 13:05:38.871 INFO [localhost-startStop-1] org.apache.catalina.startup.HostConfig.deployDirectory Deployment of web application directory [C:\xampp\tomcat\webapps\manager] has finished in [13] ms
14-May-2026 13:05:38.871 INFO [localhost-startStop-1] org.apache.catalina.startup.HostConfig.deployDirectory Deploying web application directory [C:\xampp\tomcat\webapps\ROOT]
14-May-2026 13:05:38.881 INFO [localhost-startStop-1] org.apache.catalina.startup.HostConfig.deployDirectory Deployment of web application directory [C:\xampp\tomcat\webapps\ROOT] has finished in [10] ms
14-May-2026 13:05:38.891 INFO [main] org.apache.coyote.AbstractProtocol.start Starting ProtocolHandler ["http-nio-8080"]
14-May-2026 13:05:38.929 INFO [main] org.apache.catalina.startup.Catalina.start Server startup in 728 ms
14-May-2026 13:05:39.592 INFO [main] org.apache.catalina.startup.VersionLoggerListener.log Server version name:   Apache Tomcat/8.5.96
14-May-2026 13:05:39.594 INFO [main] org.apache.catalina.startup.VersionLoggerListener.log Server built:          Nov 10 2023 14:56:59 UTC
14-May-2026 13:05:39.595 INFO [main] org.apache.catalina.startup.VersionLoggerListener.log Server version number: 8.5.96.0
14-May-2026 13:05:39.596 INFO [main] org.apache.catalina.startup.VersionLoggerListener.log OS Name:               Windows 10
14-May-2026 13:05:39.596 INFO [main] org.apache.catalina.startup.VersionLoggerListener.log OS Version:            10.0
14-May-2026 13:05:39.596 INFO [main] org.apache.catalina.startup.VersionLoggerListener.log Architecture:          amd64
14-May-2026 13:05:39.596 INFO [main] org.apache.catalina.startup.VersionLoggerListener.log Java Home:             C:\Program Files\Java\jre1.8.0_251
14-May-2026 13:05:39.596 INFO [main] org.apache.catalina.startup.VersionLoggerListener.log JVM Version:           1.8.0_251-b08
14-May-2026 13:05:39.596 INFO [main] org.apache.catalina.startup.VersionLoggerListener.log JVM Vendor:            Oracle Corporation
14-May-2026 13:05:39.596 INFO [main] org.apache.catalina.startup.VersionLoggerListener.log CATALINA_BASE:         C:\xampp\tomcat
14-May-2026 13:05:39.596 INFO [main] org.apache.catalina.startup.VersionLoggerListener.log CATALINA_HOME:         C:\xampp\tomcat
14-May-2026 13:05:39.596 INFO [main] org.apache.catalina.startup.VersionLoggerListener.log Command line argument: -Djava.util.logging.config.file=c:\xampp\tomcat\conf\logging.properties
14-May-2026 13:05:39.597 INFO [main] org.apache.catalina.startup.VersionLoggerListener.log Command line argument: -Djava.util.logging.manager=org.apache.juli.ClassLoaderLogManager
14-May-2026 13:05:39.597 INFO [main] org.apache.catalina.startup.VersionLoggerListener.log Command line argument: -Djdk.tls.ephemeralDHKeySize=2048
14-May-2026 13:05:39.597 INFO [main] org.apache.catalina.startup.VersionLoggerListener.log Command line argument: -Djava.protocol.handler.pkgs=org.apache.catalina.webresources
14-May-2026 13:05:39.597 INFO [main] org.apache.catalina.startup.VersionLoggerListener.log Command line argument: -Dignore.endorsed.dirs=
14-May-2026 13:05:39.597 INFO [main] org.apache.catalina.startup.VersionLoggerListener.log Command line argument: -Dcatalina.base=c:\xampp\tomcat
14-May-2026 13:05:39.597 INFO [main] org.apache.catalina.startup.VersionLoggerListener.log Command line argument: -Dcatalina.home=c:\xampp\tomcat
14-May-2026 13:05:39.597 INFO [main] org.apache.catalina.startup.VersionLoggerListener.log Command line argument: -Djava.io.tmpdir=c:\xampp\tomcat\temp
14-May-2026 13:05:39.597 INFO [main] org.apache.catalina.core.AprLifecycleListener.lifecycleEvent The Apache Tomcat Native library which allows using OpenSSL was not found on the java.library.path: [C:\Program Files\Java\jre1.8.0_251\bin;C:\WINDOWS\Sun\Java\bin;C:\WINDOWS\system32;C:\WINDOWS;C:\Program Files (x86)\Common Files\Oracle\Java\javapath;C:\Windows\system32;C:\Windows;C:\Windows\System32\Wbem;C:\Windows\System32\WindowsPowerShell\v1.0\;C:\Windows\System32\OpenSSH\;C:\Program Files (x86)\NVIDIA Corporation\PhysX\Common;C:\WINDOWS\system32;C:\WINDOWS;C:\WINDOWS\System32\Wbem;C:\WINDOWS\System32\WindowsPowerShell\v1.0\;C:\WINDOWS\System32\OpenSSH\;C:\Program Files\NVIDIA Corporation\NVIDIA app\NvDLISR;C:\Program Files\dotnet\;C:\Program Files (x86)\Windows Kits\10\Windows Performance Toolkit\;C:\Program Files\Git\cmd;C:\Program Files\Cloudflare\Cloudflare WARP\;apache-maven-3.9.15\bin;C:\Program Files\apache-maven-3.9.15;C:\Users\Acer\AppData\Local\Microsoft\WindowsApps;C:\Users\Acer\AppData\Local\Programs\Microsoft VS Code\bin;.]
14-May-2026 13:05:39.667 INFO [main] org.apache.coyote.AbstractProtocol.init Initializing ProtocolHandler ["http-nio-8080"]
14-May-2026 13:05:39.672 SEVERE [main] org.apache.catalina.core.StandardService.initInternal Failed to initialize connector [Connector["http-nio-8080"]]
	org.apache.catalina.LifecycleException: Protocol handler initialization failed
		at org.apache.catalina.connector.Connector.initInternal(Connector.java:1075)
		at org.apache.catalina.util.LifecycleBase.init(LifecycleBase.java:127)
		at org.apache.catalina.core.StandardService.initInternal(StandardService.java:564)
		at org.apache.catalina.util.LifecycleBase.init(LifecycleBase.java:127)
		at org.apache.catalina.core.StandardServer.initInternal(StandardServer.java:854)
		at org.apache.catalina.util.LifecycleBase.init(LifecycleBase.java:127)
		at org.apache.catalina.startup.Catalina.load(Catalina.java:646)
		at org.apache.catalina.startup.Catalina.load(Catalina.java:669)
		at sun.reflect.NativeMethodAccessorImpl.invoke0(Native Method)
		at sun.reflect.NativeMethodAccessorImpl.invoke(Unknown Source)
		at sun.reflect.DelegatingMethodAccessorImpl.invoke(Unknown Source)
		at java.lang.reflect.Method.invoke(Unknown Source)
		at org.apache.catalina.startup.Bootstrap.load(Bootstrap.java:307)
		at org.apache.catalina.startup.Bootstrap.main(Bootstrap.java:477)
	Caused by: java.net.BindException: Address already in use: bind
		at sun.nio.ch.Net.bind0(Native Method)
		at sun.nio.ch.Net.bind(Unknown Source)
		at sun.nio.ch.Net.bind(Unknown Source)
		at sun.nio.ch.ServerSocketChannelImpl.bind(Unknown Source)
		at sun.nio.ch.ServerSocketAdaptor.bind(Unknown Source)
		at org.apache.tomcat.util.net.NioEndpoint.initServerSocket(NioEndpoint.java:226)
		at org.apache.tomcat.util.net.NioEndpoint.bind(NioEndpoint.java:202)
		at org.apache.tomcat.util.net.AbstractEndpoint.bindWithCleanup(AbstractEndpoint.java:1326)
		at org.apache.tomcat.util.net.AbstractEndpoint.init(AbstractEndpoint.java:1339)
		at org.apache.tomcat.util.net.AbstractJsseEndpoint.init(AbstractJsseEndpoint.java:231)
		at org.apache.coyote.AbstractProtocol.init(AbstractProtocol.java:695)
		at org.apache.coyote.http11.AbstractHttp11Protocol.init(AbstractHttp11Protocol.java:76)
		at org.apache.catalina.connector.Connector.initInternal(Connector.java:1073)
		... 13 more
14-May-2026 13:05:39.673 INFO [main] org.apache.catalina.startup.Catalina.load Initialization processed in 290 ms
14-May-2026 13:05:39.688 INFO [main] org.apache.catalina.core.StandardService.startInternal Starting service [Catalina]
14-May-2026 13:05:39.689 INFO [main] org.apache.catalina.core.StandardEngine.startInternal Starting Servlet engine: [Apache Tomcat/8.5.96]
14-May-2026 13:05:39.695 INFO [localhost-startStop-1] org.apache.catalina.startup.HostConfig.deployDirectory Deploying web application directory [C:\xampp\tomcat\webapps\blogphim]
14-May-2026 13:05:40.009 INFO [localhost-startStop-1] org.apache.jasper.servlet.TldScanner.scanJars At least one JAR was scanned for TLDs yet contained no TLDs. Enable debug logging for this logger for a complete list of JARs that were scanned but no TLDs were found in them. Skipping unneeded JARs during scanning can improve startup time and JSP compilation time.
14-May-2026 13:05:40.123 INFO [localhost-startStop-1] org.apache.catalina.startup.HostConfig.deployDirectory Deployment of web application directory [C:\xampp\tomcat\webapps\blogphim] has finished in [427] ms
14-May-2026 13:05:40.123 INFO [localhost-startStop-1] org.apache.catalina.startup.HostConfig.deployDirectory Deploying web application directory [C:\xampp\tomcat\webapps\docs]
14-May-2026 13:05:40.138 INFO [localhost-startStop-1] org.apache.catalina.startup.HostConfig.deployDirectory Deployment of web application directory [C:\xampp\tomcat\webapps\docs] has finished in [15] ms
14-May-2026 13:05:40.138 INFO [localhost-startStop-1] org.apache.catalina.startup.HostConfig.deployDirectory Deploying web application directory [C:\xampp\tomcat\webapps\examples]
14-May-2026 13:05:40.282 INFO [localhost-startStop-1] org.apache.catalina.startup.HostConfig.deployDirectory Deployment of web application directory [C:\xampp\tomcat\webapps\examples] has finished in [144] ms
14-May-2026 13:05:40.282 INFO [localhost-startStop-1] org.apache.catalina.startup.HostConfig.deployDirectory Deploying web application directory [C:\xampp\tomcat\webapps\host-manager]
14-May-2026 13:05:40.296 INFO [localhost-startStop-1] org.apache.catalina.startup.HostConfig.deployDirectory Deployment of web application directory [C:\xampp\tomcat\webapps\host-manager] has finished in [14] ms
14-May-2026 13:05:40.297 INFO [localhost-startStop-1] org.apache.catalina.startup.HostConfig.deployDirectory Deploying web application directory [C:\xampp\tomcat\webapps\manager]
14-May-2026 13:05:40.310 INFO [localhost-startStop-1] org.apache.catalina.startup.HostConfig.deployDirectory Deployment of web application directory [C:\xampp\tomcat\webapps\manager] has finished in [13] ms
14-May-2026 13:05:40.310 INFO [localhost-startStop-1] org.apache.catalina.startup.HostConfig.deployDirectory Deploying web application directory [C:\xampp\tomcat\webapps\ROOT]
14-May-2026 13:05:40.319 INFO [localhost-startStop-1] org.apache.catalina.startup.HostConfig.deployDirectory Deployment of web application directory [C:\xampp\tomcat\webapps\ROOT] has finished in [9] ms
14-May-2026 13:05:40.321 INFO [main] org.apache.catalina.startup.Catalina.start Server startup in 646 ms
14-May-2026 13:05:40.324 SEVERE [main] org.apache.catalina.core.StandardServer.await Failed to create server shutdown socket on address [localhost] and port [8005] (base port [8005] and offset [0])
	java.net.BindException: Address already in use: JVM_Bind
		at java.net.DualStackPlainSocketImpl.bind0(Native Method)
		at java.net.DualStackPlainSocketImpl.socketBind(Unknown Source)
		at java.net.AbstractPlainSocketImpl.bind(Unknown Source)
		at java.net.PlainSocketImpl.bind(Unknown Source)
		at java.net.ServerSocket.bind(Unknown Source)
		at java.net.ServerSocket.<init>(Unknown Source)
		at org.apache.catalina.core.StandardServer.await(StandardServer.java:444)
		at org.apache.catalina.startup.Catalina.await(Catalina.java:783)
		at org.apache.catalina.startup.Catalina.start(Catalina.java:729)
		at sun.reflect.NativeMethodAccessorImpl.invoke0(Native Method)
		at sun.reflect.NativeMethodAccessorImpl.invoke(Unknown Source)
		at sun.reflect.DelegatingMethodAccessorImpl.invoke(Unknown Source)
		at java.lang.reflect.Method.invoke(Unknown Source)
		at org.apache.catalina.startup.Bootstrap.start(Bootstrap.java:347)
		at org.apache.catalina.startup.Bootstrap.main(Bootstrap.java:478)
14-May-2026 13:05:40.324 INFO [main] org.apache.coyote.AbstractProtocol.pause Pausing ProtocolHandler ["http-nio-8080"]
14-May-2026 13:05:40.324 INFO [main] org.apache.catalina.core.StandardService.stopInternal Stopping service [Catalina]
14-May-2026 13:05:40.345 INFO [main] org.apache.coyote.AbstractProtocol.stop Stopping ProtocolHandler ["http-nio-8080"]
14-May-2026 13:05:40.346 INFO [main] org.apache.coyote.AbstractProtocol.destroy Destroying ProtocolHandler ["http-nio-8080"]
14-May-2026 13:11:31.832 INFO [main] org.apache.catalina.core.StandardServer.await A valid shutdown command was received via the shutdown port. Stopping the Server instance.
14-May-2026 13:11:31.832 INFO [main] org.apache.coyote.AbstractProtocol.pause Pausing ProtocolHandler ["http-nio-8080"]
14-May-2026 13:11:31.913 INFO [main] org.apache.catalina.core.StandardService.stopInternal Stopping service [Catalina]
14-May-2026 13:11:31.930 INFO [main] org.apache.coyote.AbstractProtocol.stop Stopping ProtocolHandler ["http-nio-8080"]
14-May-2026 13:11:31.943 INFO [main] org.apache.coyote.AbstractProtocol.destroy Destroying ProtocolHandler ["http-nio-8080"]
14-May-2026 13:11:33.266 INFO [main] org.apache.catalina.startup.VersionLoggerListener.log Server version name:   Apache Tomcat/8.5.96
14-May-2026 13:11:33.267 INFO [main] org.apache.catalina.startup.VersionLoggerListener.log Server built:          Nov 10 2023 14:56:59 UTC
14-May-2026 13:11:33.268 INFO [main] org.apache.catalina.startup.VersionLoggerListener.log Server version number: 8.5.96.0
14-May-2026 13:11:33.268 INFO [main] org.apache.catalina.startup.VersionLoggerListener.log OS Name:               Windows 10
14-May-2026 13:11:33.268 INFO [main] org.apache.catalina.startup.VersionLoggerListener.log OS Version:            10.0
14-May-2026 13:11:33.269 INFO [main] org.apache.catalina.startup.VersionLoggerListener.log Architecture:          amd64
14-May-2026 13:11:33.269 INFO [main] org.apache.catalina.startup.VersionLoggerListener.log Java Home:             C:\Program Files\Java\jre1.8.0_251
14-May-2026 13:11:33.269 INFO [main] org.apache.catalina.startup.VersionLoggerListener.log JVM Version:           1.8.0_251-b08
14-May-2026 13:11:33.269 INFO [main] org.apache.catalina.startup.VersionLoggerListener.log JVM Vendor:            Oracle Corporation
14-May-2026 13:11:33.269 INFO [main] org.apache.catalina.startup.VersionLoggerListener.log CATALINA_BASE:         C:\xampp\tomcat
14-May-2026 13:11:33.269 INFO [main] org.apache.catalina.startup.VersionLoggerListener.log CATALINA_HOME:         C:\xampp\tomcat
14-May-2026 13:11:33.269 INFO [main] org.apache.catalina.startup.VersionLoggerListener.log Command line argument: -Djava.util.logging.config.file=C:\xampp\tomcat\conf\logging.properties
14-May-2026 13:11:33.269 INFO [main] org.apache.catalina.startup.VersionLoggerListener.log Command line argument: -Djava.util.logging.manager=org.apache.juli.ClassLoaderLogManager
14-May-2026 13:11:33.269 INFO [main] org.apache.catalina.startup.VersionLoggerListener.log Command line argument: -Djdk.tls.ephemeralDHKeySize=2048
14-May-2026 13:11:33.269 INFO [main] org.apache.catalina.startup.VersionLoggerListener.log Command line argument: -Djava.protocol.handler.pkgs=org.apache.catalina.webresources
14-May-2026 13:11:33.270 INFO [main] org.apache.catalina.startup.VersionLoggerListener.log Command line argument: -Dignore.endorsed.dirs=
14-May-2026 13:11:33.270 INFO [main] org.apache.catalina.startup.VersionLoggerListener.log Command line argument: -Dcatalina.base=C:\xampp\tomcat
14-May-2026 13:11:33.270 INFO [main] org.apache.catalina.startup.VersionLoggerListener.log Command line argument: -Dcatalina.home=C:\xampp\tomcat
14-May-2026 13:11:33.270 INFO [main] org.apache.catalina.startup.VersionLoggerListener.log Command line argument: -Djava.io.tmpdir=C:\xampp\tomcat\temp
14-May-2026 13:11:33.270 INFO [main] org.apache.catalina.core.AprLifecycleListener.lifecycleEvent Loaded Apache Tomcat Native library [1.2.39] using APR version [1.7.4].
14-May-2026 13:11:33.270 INFO [main] org.apache.catalina.core.AprLifecycleListener.lifecycleEvent APR capabilities: IPv6 [true], sendfile [true], accept filters [false], random [true], UDS [{4}].
14-May-2026 13:11:33.270 INFO [main] org.apache.catalina.core.AprLifecycleListener.lifecycleEvent APR/OpenSSL configuration: useAprConnector [false], useOpenSSL [true]
14-May-2026 13:11:33.275 INFO [main] org.apache.catalina.core.AprLifecycleListener.initializeSSL OpenSSL successfully initialized [OpenSSL 3.0.11 19 Sep 2023]
14-May-2026 13:11:33.342 INFO [main] org.apache.coyote.AbstractProtocol.init Initializing ProtocolHandler ["http-nio-8080"]
14-May-2026 13:11:33.352 INFO [main] org.apache.catalina.startup.Catalina.load Initialization processed in 298 ms
14-May-2026 13:11:33.368 INFO [main] org.apache.catalina.core.StandardService.startInternal Starting service [Catalina]
14-May-2026 13:11:33.368 INFO [main] org.apache.catalina.core.StandardEngine.startInternal Starting Servlet engine: [Apache Tomcat/8.5.96]
14-May-2026 13:11:33.373 INFO [localhost-startStop-1] org.apache.catalina.startup.HostConfig.deployDirectory Deploying web application directory [C:\xampp\tomcat\webapps\blogphim]
14-May-2026 13:11:33.672 INFO [localhost-startStop-1] org.apache.jasper.servlet.TldScanner.scanJars At least one JAR was scanned for TLDs yet contained no TLDs. Enable debug logging for this logger for a complete list of JARs that were scanned but no TLDs were found in them. Skipping unneeded JARs during scanning can improve startup time and JSP compilation time.
14-May-2026 13:11:33.816 INFO [localhost-startStop-1] org.apache.catalina.startup.HostConfig.deployDirectory Deployment of web application directory [C:\xampp\tomcat\webapps\blogphim] has finished in [442] ms
14-May-2026 13:11:33.816 INFO [localhost-startStop-1] org.apache.catalina.startup.HostConfig.deployDirectory Deploying web application directory [C:\xampp\tomcat\webapps\docs]
14-May-2026 13:11:33.828 INFO [localhost-startStop-1] org.apache.catalina.startup.HostConfig.deployDirectory Deployment of web application directory [C:\xampp\tomcat\webapps\docs] has finished in [12] ms
14-May-2026 13:11:33.828 INFO [localhost-startStop-1] org.apache.catalina.startup.HostConfig.deployDirectory Deploying web application directory [C:\xampp\tomcat\webapps\examples]
14-May-2026 13:11:33.962 INFO [localhost-startStop-1] org.apache.catalina.startup.HostConfig.deployDirectory Deployment of web application directory [C:\xampp\tomcat\webapps\examples] has finished in [134] ms
14-May-2026 13:11:33.962 INFO [localhost-startStop-1] org.apache.catalina.startup.HostConfig.deployDirectory Deploying web application directory [C:\xampp\tomcat\webapps\host-manager]
14-May-2026 13:11:33.976 INFO [localhost-startStop-1] org.apache.catalina.startup.HostConfig.deployDirectory Deployment of web application directory [C:\xampp\tomcat\webapps\host-manager] has finished in [14] ms
14-May-2026 13:11:33.976 INFO [localhost-startStop-1] org.apache.catalina.startup.HostConfig.deployDirectory Deploying web application directory [C:\xampp\tomcat\webapps\manager]
14-May-2026 13:11:33.987 INFO [localhost-startStop-1] org.apache.catalina.startup.HostConfig.deployDirectory Deployment of web application directory [C:\xampp\tomcat\webapps\manager] has finished in [11] ms
14-May-2026 13:11:33.987 INFO [localhost-startStop-1] org.apache.catalina.startup.HostConfig.deployDirectory Deploying web application directory [C:\xampp\tomcat\webapps\ROOT]
14-May-2026 13:11:33.997 INFO [localhost-startStop-1] org.apache.catalina.startup.HostConfig.deployDirectory Deployment of web application directory [C:\xampp\tomcat\webapps\ROOT] has finished in [10] ms
14-May-2026 13:11:34.007 INFO [main] org.apache.coyote.AbstractProtocol.start Starting ProtocolHandler ["http-nio-8080"]
14-May-2026 13:11:34.017 INFO [main] org.apache.catalina.startup.Catalina.start Server startup in 664 ms
14-May-2026 13:11:45.488 INFO [main] org.apache.catalina.startup.VersionLoggerListener.log Server version name:   Apache Tomcat/8.5.96
14-May-2026 13:11:45.490 INFO [main] org.apache.catalina.startup.VersionLoggerListener.log Server built:          Nov 10 2023 14:56:59 UTC
14-May-2026 13:11:45.491 INFO [main] org.apache.catalina.startup.VersionLoggerListener.log Server version number: 8.5.96.0
14-May-2026 13:11:45.492 INFO [main] org.apache.catalina.startup.VersionLoggerListener.log OS Name:               Windows 10
14-May-2026 13:11:45.492 INFO [main] org.apache.catalina.startup.VersionLoggerListener.log OS Version:            10.0
14-May-2026 13:11:45.492 INFO [main] org.apache.catalina.startup.VersionLoggerListener.log Architecture:          amd64
14-May-2026 13:11:45.492 INFO [main] org.apache.catalina.startup.VersionLoggerListener.log Java Home:             C:\Program Files\Java\jre1.8.0_251
14-May-2026 13:11:45.493 INFO [main] org.apache.catalina.startup.VersionLoggerListener.log JVM Version:           1.8.0_251-b08
14-May-2026 13:11:45.493 INFO [main] org.apache.catalina.startup.VersionLoggerListener.log JVM Vendor:            Oracle Corporation
14-May-2026 13:11:45.493 INFO [main] org.apache.catalina.startup.VersionLoggerListener.log CATALINA_BASE:         C:\xampp\tomcat
14-May-2026 13:11:45.493 INFO [main] org.apache.catalina.startup.VersionLoggerListener.log CATALINA_HOME:         C:\xampp\tomcat
14-May-2026 13:11:45.493 INFO [main] org.apache.catalina.startup.VersionLoggerListener.log Command line argument: -Djava.util.logging.config.file=c:\xampp\tomcat\conf\logging.properties
14-May-2026 13:11:45.493 INFO [main] org.apache.catalina.startup.VersionLoggerListener.log Command line argument: -Djava.util.logging.manager=org.apache.juli.ClassLoaderLogManager
14-May-2026 13:11:45.494 INFO [main] org.apache.catalina.startup.VersionLoggerListener.log Command line argument: -Djdk.tls.ephemeralDHKeySize=2048
14-May-2026 13:11:45.494 INFO [main] org.apache.catalina.startup.VersionLoggerListener.log Command line argument: -Djava.protocol.handler.pkgs=org.apache.catalina.webresources
14-May-2026 13:11:45.494 INFO [main] org.apache.catalina.startup.VersionLoggerListener.log Command line argument: -Dignore.endorsed.dirs=
14-May-2026 13:11:45.494 INFO [main] org.apache.catalina.startup.VersionLoggerListener.log Command line argument: -Dcatalina.base=c:\xampp\tomcat
14-May-2026 13:11:45.494 INFO [main] org.apache.catalina.startup.VersionLoggerListener.log Command line argument: -Dcatalina.home=c:\xampp\tomcat
14-May-2026 13:11:45.494 INFO [main] org.apache.catalina.startup.VersionLoggerListener.log Command line argument: -Djava.io.tmpdir=c:\xampp\tomcat\temp
14-May-2026 13:11:45.495 INFO [main] org.apache.catalina.core.AprLifecycleListener.lifecycleEvent The Apache Tomcat Native library which allows using OpenSSL was not found on the java.library.path: [C:\Program Files\Java\jre1.8.0_251\bin;C:\WINDOWS\Sun\Java\bin;C:\WINDOWS\system32;C:\WINDOWS;C:\Program Files (x86)\Common Files\Oracle\Java\javapath;C:\Windows\system32;C:\Windows;C:\Windows\System32\Wbem;C:\Windows\System32\WindowsPowerShell\v1.0\;C:\Windows\System32\OpenSSH\;C:\Program Files (x86)\NVIDIA Corporation\PhysX\Common;C:\WINDOWS\system32;C:\WINDOWS;C:\WINDOWS\System32\Wbem;C:\WINDOWS\System32\WindowsPowerShell\v1.0\;C:\WINDOWS\System32\OpenSSH\;C:\Program Files\NVIDIA Corporation\NVIDIA app\NvDLISR;C:\Program Files\dotnet\;C:\Program Files (x86)\Windows Kits\10\Windows Performance Toolkit\;C:\Program Files\Git\cmd;C:\Program Files\Cloudflare\Cloudflare WARP\;apache-maven-3.9.15\bin;C:\Program Files\apache-maven-3.9.15;C:\Users\Acer\AppData\Local\Microsoft\WindowsApps;C:\Users\Acer\AppData\Local\Programs\Microsoft VS Code\bin;.]
14-May-2026 13:11:45.576 INFO [main] org.apache.coyote.AbstractProtocol.init Initializing ProtocolHandler ["http-nio-8080"]
14-May-2026 13:11:45.585 INFO [main] org.apache.catalina.startup.Catalina.load Initialization processed in 289 ms
14-May-2026 13:11:45.599 INFO [main] org.apache.catalina.core.StandardService.startInternal Starting service [Catalina]
14-May-2026 13:11:45.600 INFO [main] org.apache.catalina.core.StandardEngine.startInternal Starting Servlet engine: [Apache Tomcat/8.5.96]
14-May-2026 13:11:45.605 INFO [localhost-startStop-1] org.apache.catalina.startup.HostConfig.deployDirectory Deploying web application directory [C:\xampp\tomcat\webapps\blogphim]
14-May-2026 13:11:45.898 INFO [localhost-startStop-1] org.apache.jasper.servlet.TldScanner.scanJars At least one JAR was scanned for TLDs yet contained no TLDs. Enable debug logging for this logger for a complete list of JARs that were scanned but no TLDs were found in them. Skipping unneeded JARs during scanning can improve startup time and JSP compilation time.
14-May-2026 13:11:46.003 INFO [localhost-startStop-1] org.apache.catalina.startup.HostConfig.deployDirectory Deployment of web application directory [C:\xampp\tomcat\webapps\blogphim] has finished in [397] ms
14-May-2026 13:11:46.003 INFO [localhost-startStop-1] org.apache.catalina.startup.HostConfig.deployDirectory Deploying web application directory [C:\xampp\tomcat\webapps\docs]
14-May-2026 13:11:46.016 INFO [localhost-startStop-1] org.apache.catalina.startup.HostConfig.deployDirectory Deployment of web application directory [C:\xampp\tomcat\webapps\docs] has finished in [13] ms
14-May-2026 13:11:46.016 INFO [localhost-startStop-1] org.apache.catalina.startup.HostConfig.deployDirectory Deploying web application directory [C:\xampp\tomcat\webapps\examples]
14-May-2026 13:11:46.149 INFO [localhost-startStop-1] org.apache.catalina.startup.HostConfig.deployDirectory Deployment of web application directory [C:\xampp\tomcat\webapps\examples] has finished in [133] ms
14-May-2026 13:11:46.149 INFO [localhost-startStop-1] org.apache.catalina.startup.HostConfig.deployDirectory Deploying web application directory [C:\xampp\tomcat\webapps\host-manager]
14-May-2026 13:11:46.162 INFO [localhost-startStop-1] org.apache.catalina.startup.HostConfig.deployDirectory Deployment of web application directory [C:\xampp\tomcat\webapps\host-manager] has finished in [13] ms
14-May-2026 13:11:46.162 INFO [localhost-startStop-1] org.apache.catalina.startup.HostConfig.deployDirectory Deploying web application directory [C:\xampp\tomcat\webapps\manager]
14-May-2026 13:11:46.173 INFO [localhost-startStop-1] org.apache.catalina.startup.HostConfig.deployDirectory Deployment of web application directory [C:\xampp\tomcat\webapps\manager] has finished in [11] ms
14-May-2026 13:11:46.173 INFO [localhost-startStop-1] org.apache.catalina.startup.HostConfig.deployDirectory Deploying web application directory [C:\xampp\tomcat\webapps\ROOT]
14-May-2026 13:11:46.182 INFO [localhost-startStop-1] org.apache.catalina.startup.HostConfig.deployDirectory Deployment of web application directory [C:\xampp\tomcat\webapps\ROOT] has finished in [9] ms
14-May-2026 13:11:46.184 INFO [main] org.apache.coyote.AbstractProtocol.start Starting ProtocolHandler ["http-nio-8080"]
14-May-2026 13:11:46.226 INFO [main] org.apache.catalina.startup.Catalina.start Server startup in 640 ms
14-May-2026 13:12:00.797 INFO [main] org.apache.catalina.startup.VersionLoggerListener.log Server version name:   Apache Tomcat/8.5.96
14-May-2026 13:12:00.799 INFO [main] org.apache.catalina.startup.VersionLoggerListener.log Server built:          Nov 10 2023 14:56:59 UTC
14-May-2026 13:12:00.800 INFO [main] org.apache.catalina.startup.VersionLoggerListener.log Server version number: 8.5.96.0
14-May-2026 13:12:00.800 INFO [main] org.apache.catalina.startup.VersionLoggerListener.log OS Name:               Windows 10
14-May-2026 13:12:00.800 INFO [main] org.apache.catalina.startup.VersionLoggerListener.log OS Version:            10.0
14-May-2026 13:12:00.801 INFO [main] org.apache.catalina.startup.VersionLoggerListener.log Architecture:          amd64
14-May-2026 13:12:00.801 INFO [main] org.apache.catalina.startup.VersionLoggerListener.log Java Home:             C:\Program Files\Java\jre1.8.0_251
14-May-2026 13:12:00.801 INFO [main] org.apache.catalina.startup.VersionLoggerListener.log JVM Version:           1.8.0_251-b08
14-May-2026 13:12:00.802 INFO [main] org.apache.catalina.startup.VersionLoggerListener.log JVM Vendor:            Oracle Corporation
14-May-2026 13:12:00.802 INFO [main] org.apache.catalina.startup.VersionLoggerListener.log CATALINA_BASE:         C:\xampp\tomcat
14-May-2026 13:12:00.802 INFO [main] org.apache.catalina.startup.VersionLoggerListener.log CATALINA_HOME:         C:\xampp\tomcat
14-May-2026 13:12:00.802 INFO [main] org.apache.catalina.startup.VersionLoggerListener.log Command line argument: -Djava.util.logging.config.file=c:\xampp\tomcat\conf\logging.properties
14-May-2026 13:12:00.802 INFO [main] org.apache.catalina.startup.VersionLoggerListener.log Command line argument: -Djava.util.logging.manager=org.apache.juli.ClassLoaderLogManager
14-May-2026 13:12:00.803 INFO [main] org.apache.catalina.startup.VersionLoggerListener.log Command line argument: -Djdk.tls.ephemeralDHKeySize=2048
14-May-2026 13:12:00.803 INFO [main] org.apache.catalina.startup.VersionLoggerListener.log Command line argument: -Djava.protocol.handler.pkgs=org.apache.catalina.webresources
14-May-2026 13:12:00.803 INFO [main] org.apache.catalina.startup.VersionLoggerListener.log Command line argument: -Dignore.endorsed.dirs=
14-May-2026 13:12:00.803 INFO [main] org.apache.catalina.startup.VersionLoggerListener.log Command line argument: -Dcatalina.base=c:\xampp\tomcat
14-May-2026 13:12:00.803 INFO [main] org.apache.catalina.startup.VersionLoggerListener.log Command line argument: -Dcatalina.home=c:\xampp\tomcat
14-May-2026 13:12:00.803 INFO [main] org.apache.catalina.startup.VersionLoggerListener.log Command line argument: -Djava.io.tmpdir=c:\xampp\tomcat\temp
14-May-2026 13:12:00.804 INFO [main] org.apache.catalina.core.AprLifecycleListener.lifecycleEvent The Apache Tomcat Native library which allows using OpenSSL was not found on the java.library.path: [C:\Program Files\Java\jre1.8.0_251\bin;C:\WINDOWS\Sun\Java\bin;C:\WINDOWS\system32;C:\WINDOWS;C:\Program Files (x86)\Common Files\Oracle\Java\javapath;C:\Windows\system32;C:\Windows;C:\Windows\System32\Wbem;C:\Windows\System32\WindowsPowerShell\v1.0\;C:\Windows\System32\OpenSSH\;C:\Program Files (x86)\NVIDIA Corporation\PhysX\Common;C:\WINDOWS\system32;C:\WINDOWS;C:\WINDOWS\System32\Wbem;C:\WINDOWS\System32\WindowsPowerShell\v1.0\;C:\WINDOWS\System32\OpenSSH\;C:\Program Files\NVIDIA Corporation\NVIDIA app\NvDLISR;C:\Program Files\dotnet\;C:\Program Files (x86)\Windows Kits\10\Windows Performance Toolkit\;C:\Program Files\Git\cmd;C:\Program Files\Cloudflare\Cloudflare WARP\;apache-maven-3.9.15\bin;C:\Program Files\apache-maven-3.9.15;C:\Users\Acer\AppData\Local\Microsoft\WindowsApps;C:\Users\Acer\AppData\Local\Programs\Microsoft VS Code\bin;.]
14-May-2026 13:12:00.866 INFO [main] org.apache.coyote.AbstractProtocol.init Initializing ProtocolHandler ["http-nio-8080"]
14-May-2026 13:12:00.877 INFO [main] org.apache.catalina.startup.Catalina.load Initialization processed in 270 ms
14-May-2026 13:12:00.891 INFO [main] org.apache.catalina.core.StandardService.startInternal Starting service [Catalina]
14-May-2026 13:12:00.891 INFO [main] org.apache.catalina.core.StandardEngine.startInternal Starting Servlet engine: [Apache Tomcat/8.5.96]
14-May-2026 13:12:00.897 INFO [localhost-startStop-1] org.apache.catalina.startup.HostConfig.deployDirectory Deploying web application directory [C:\xampp\tomcat\webapps\blogphim]
14-May-2026 13:12:01.188 INFO [localhost-startStop-1] org.apache.jasper.servlet.TldScanner.scanJars At least one JAR was scanned for TLDs yet contained no TLDs. Enable debug logging for this logger for a complete list of JARs that were scanned but no TLDs were found in them. Skipping unneeded JARs during scanning can improve startup time and JSP compilation time.
14-May-2026 13:12:01.291 INFO [localhost-startStop-1] org.apache.catalina.startup.HostConfig.deployDirectory Deployment of web application directory [C:\xampp\tomcat\webapps\blogphim] has finished in [394] ms
14-May-2026 13:12:01.292 INFO [localhost-startStop-1] org.apache.catalina.startup.HostConfig.deployDirectory Deploying web application directory [C:\xampp\tomcat\webapps\docs]
14-May-2026 13:12:01.306 INFO [localhost-startStop-1] org.apache.catalina.startup.HostConfig.deployDirectory Deployment of web application directory [C:\xampp\tomcat\webapps\docs] has finished in [14] ms
14-May-2026 13:12:01.306 INFO [localhost-startStop-1] org.apache.catalina.startup.HostConfig.deployDirectory Deploying web application directory [C:\xampp\tomcat\webapps\examples]
14-May-2026 13:12:01.438 INFO [localhost-startStop-1] org.apache.catalina.startup.HostConfig.deployDirectory Deployment of web application directory [C:\xampp\tomcat\webapps\examples] has finished in [132] ms
14-May-2026 13:12:01.438 INFO [localhost-startStop-1] org.apache.catalina.startup.HostConfig.deployDirectory Deploying web application directory [C:\xampp\tomcat\webapps\host-manager]
14-May-2026 13:12:01.451 INFO [localhost-startStop-1] org.apache.catalina.startup.HostConfig.deployDirectory Deployment of web application directory [C:\xampp\tomcat\webapps\host-manager] has finished in [13] ms
14-May-2026 13:12:01.451 INFO [localhost-startStop-1] org.apache.catalina.startup.HostConfig.deployDirectory Deploying web application directory [C:\xampp\tomcat\webapps\manager]
14-May-2026 13:12:01.463 INFO [localhost-startStop-1] org.apache.catalina.startup.HostConfig.deployDirectory Deployment of web application directory [C:\xampp\tomcat\webapps\manager] has finished in [12] ms
14-May-2026 13:12:01.463 INFO [localhost-startStop-1] org.apache.catalina.startup.HostConfig.deployDirectory Deploying web application directory [C:\xampp\tomcat\webapps\ROOT]
14-May-2026 13:12:01.471 INFO [localhost-startStop-1] org.apache.catalina.startup.HostConfig.deployDirectory Deployment of web application directory [C:\xampp\tomcat\webapps\ROOT] has finished in [8] ms
14-May-2026 13:12:01.473 INFO [main] org.apache.coyote.AbstractProtocol.start Starting ProtocolHandler ["http-nio-8080"]
14-May-2026 13:12:01.515 INFO [main] org.apache.catalina.startup.Catalina.start Server startup in 637 ms
14-May-2026 13:12:57.136 WARNING [http-nio-8080-exec-4] org.apache.catalina.realm.LockOutRealm.filterLockedAccounts An attempt was made to authenticate the locked user [a2epfq5ugq0u]
14-May-2026 13:12:57.138 WARNING [http-nio-8080-exec-2] org.apache.catalina.realm.LockOutRealm.filterLockedAccounts An attempt was made to authenticate the locked user [a2epfq5ugq0u]
14-May-2026 13:12:57.139 WARNING [http-nio-8080-exec-7] org.apache.catalina.realm.LockOutRealm.filterLockedAccounts An attempt was made to authenticate the locked user [a2epfq5ugq0u]
14-May-2026 13:12:57.141 WARNING [http-nio-8080-exec-8] org.apache.catalina.realm.LockOutRealm.filterLockedAccounts An attempt was made to authenticate the locked user [a2epfq5ugq0u]
14-May-2026 13:12:57.141 WARNING [http-nio-8080-exec-9] org.apache.catalina.realm.LockOutRealm.filterLockedAccounts An attempt was made to authenticate the locked user [a2epfq5ugq0u]
14-May-2026 13:12:57.143 WARNING [http-nio-8080-exec-10] org.apache.catalina.realm.LockOutRealm.filterLockedAccounts An attempt was made to authenticate the locked user [a2epfq5ugq0u]
14-May-2026 13:12:57.144 WARNING [http-nio-8080-exec-1] org.apache.catalina.realm.LockOutRealm.filterLockedAccounts An attempt was made to authenticate the locked user [a2epfq5ugq0u]
14-May-2026 13:12:57.145 WARNING [http-nio-8080-exec-5] org.apache.catalina.realm.LockOutRealm.filterLockedAccounts An attempt was made to authenticate the locked user [a2epfq5ugq0u]
14-May-2026 13:12:57.146 WARNING [http-nio-8080-exec-6] org.apache.catalina.realm.LockOutRealm.filterLockedAccounts An attempt was made to authenticate the locked user [a2epfq5ugq0u]
14-May-2026 13:12:57.148 WARNING [http-nio-8080-exec-3] org.apache.catalina.realm.LockOutRealm.filterLockedAccounts An attempt was made to authenticate the locked user [a2epfq5ugq0u]
14-May-2026 13:12:57.149 WARNING [http-nio-8080-exec-4] org.apache.catalina.realm.LockOutRealm.filterLockedAccounts An attempt was made to authenticate the locked user [a2epfq5ugq0u]
14-May-2026 13:12:57.149 WARNING [http-nio-8080-exec-2] org.apache.catalina.realm.LockOutRealm.filterLockedAccounts An attempt was made to authenticate the locked user [a2epfq5ugq0u]
14-May-2026 13:12:57.152 WARNING [http-nio-8080-exec-7] org.apache.catalina.realm.LockOutRealm.filterLockedAccounts An attempt was made to authenticate the locked user [a2epfq5ugq0u]
14-May-2026 13:12:57.153 WARNING [http-nio-8080-exec-8] org.apache.catalina.realm.LockOutRealm.filterLockedAccounts An attempt was made to authenticate the locked user [a2epfq5ugq0u]
14-May-2026 13:12:57.155 WARNING [http-nio-8080-exec-9] org.apache.catalina.realm.LockOutRealm.filterLockedAccounts An attempt was made to authenticate the locked user [a2epfq5ugq0u]
14-May-2026 13:12:57.157 WARNING [http-nio-8080-exec-10] org.apache.catalina.realm.LockOutRealm.filterLockedAccounts An attempt was made to authenticate the locked user [a2epfq5ugq0u]
14-May-2026 13:12:57.159 WARNING [http-nio-8080-exec-1] org.apache.catalina.realm.LockOutRealm.filterLockedAccounts An attempt was made to authenticate the locked user [a2epfq5ugq0u]
14-May-2026 13:12:57.161 WARNING [http-nio-8080-exec-5] org.apache.catalina.realm.LockOutRealm.filterLockedAccounts An attempt was made to authenticate the locked user [a2epfq5ugq0u]
14-May-2026 13:12:57.161 WARNING [http-nio-8080-exec-6] org.apache.catalina.realm.LockOutRealm.filterLockedAccounts An attempt was made to authenticate the locked user [a2epfq5ugq0u]
14-May-2026 13:12:57.163 WARNING [http-nio-8080-exec-3] org.apache.catalina.realm.LockOutRealm.filterLockedAccounts An attempt was made to authenticate the locked user [a2epfq5ugq0u]
14-May-2026 13:12:57.164 WARNING [http-nio-8080-exec-4] org.apache.catalina.realm.LockOutRealm.filterLockedAccounts An attempt was made to authenticate the locked user [a2epfq5ugq0u]
14-May-2026 13:12:57.165 WARNING [http-nio-8080-exec-2] org.apache.catalina.realm.LockOutRealm.filterLockedAccounts An attempt was made to authenticate the locked user [a2epfq5ugq0u]
14-May-2026 13:12:57.166 WARNING [http-nio-8080-exec-7] org.apache.catalina.realm.LockOutRealm.filterLockedAccounts An attempt was made to authenticate the locked user [a2epfq5ugq0u]
14-May-2026 13:12:57.167 WARNING [http-nio-8080-exec-8] org.apache.catalina.realm.LockOutRealm.filterLockedAccounts An attempt was made to authenticate the locked user [a2epfq5ugq0u]
14-May-2026 13:12:57.169 WARNING [http-nio-8080-exec-9] org.apache.catalina.realm.LockOutRealm.filterLockedAccounts An attempt was made to authenticate the locked user [a2epfq5ugq0u]
14-May-2026 13:12:57.171 WARNING [http-nio-8080-exec-10] org.apache.catalina.realm.LockOutRealm.filterLockedAccounts An attempt was made to authenticate the locked user [a2epfq5ugq0u]
14-May-2026 13:12:57.172 WARNING [http-nio-8080-exec-1] org.apache.catalina.realm.LockOutRealm.filterLockedAccounts An attempt was made to authenticate the locked user [a2epfq5ugq0u]
14-May-2026 13:12:58.207 WARNING [http-nio-8080-exec-6] org.apache.catalina.realm.LockOutRealm.filterLockedAccounts An attempt was made to authenticate the locked user [a2epfq5ugq0u]
14-May-2026 13:12:58.209 WARNING [http-nio-8080-exec-3] org.apache.catalina.realm.LockOutRealm.filterLockedAccounts An attempt was made to authenticate the locked user [a2epfq5ugq0u]
14-May-2026 13:12:58.210 WARNING [http-nio-8080-exec-4] org.apache.catalina.realm.LockOutRealm.filterLockedAccounts An attempt was made to authenticate the locked user [a2epfq5ugq0u]
14-May-2026 13:12:58.211 WARNING [http-nio-8080-exec-2] org.apache.catalina.realm.LockOutRealm.filterLockedAccounts An attempt was made to authenticate the locked user [a2epfq5ugq0u]
14-May-2026 13:12:58.213 WARNING [http-nio-8080-exec-7] org.apache.catalina.realm.LockOutRealm.filterLockedAccounts An attempt was made to authenticate the locked user [a2epfq5ugq0u]
14-May-2026 13:12:58.214 WARNING [http-nio-8080-exec-8] org.apache.catalina.realm.LockOutRealm.filterLockedAccounts An attempt was made to authenticate the locked user [a2epfq5ugq0u]
14-May-2026 13:12:58.217 WARNING [http-nio-8080-exec-9] org.apache.catalina.realm.LockOutRealm.filterLockedAccounts An attempt was made to authenticate the locked user [a2epfq5ugq0u]
14-May-2026 13:12:58.218 WARNING [http-nio-8080-exec-10] org.apache.catalina.realm.LockOutRealm.filterLockedAccounts An attempt was made to authenticate the locked user [a2epfq5ugq0u]
14-May-2026 13:12:58.219 WARNING [http-nio-8080-exec-1] org.apache.catalina.realm.LockOutRealm.filterLockedAccounts An attempt was made to authenticate the locked user [a2epfq5ugq0u]
14-May-2026 13:12:58.221 WARNING [http-nio-8080-exec-5] org.apache.catalina.realm.LockOutRealm.filterLockedAccounts An attempt was made to authenticate the locked user [a2epfq5ugq0u]
14-May-2026 13:12:58.222 WARNING [http-nio-8080-exec-6] org.apache.catalina.realm.LockOutRealm.filterLockedAccounts An attempt was made to authenticate the locked user [a2epfq5ugq0u]
14-May-2026 13:12:58.223 WARNING [http-nio-8080-exec-3] org.apache.catalina.realm.LockOutRealm.filterLockedAccounts An attempt was made to authenticate the locked user [a2epfq5ugq0u]
14-May-2026 13:12:58.225 WARNING [http-nio-8080-exec-4] org.apache.catalina.realm.LockOutRealm.filterLockedAccounts An attempt was made to authenticate the locked user [a2epfq5ugq0u]
14-May-2026 13:12:58.226 WARNING [http-nio-8080-exec-2] org.apache.catalina.realm.LockOutRealm.filterLockedAccounts An attempt was made to authenticate the locked user [a2epfq5ugq0u]
14-May-2026 13:12:58.227 WARNING [http-nio-8080-exec-7] org.apache.catalina.realm.LockOutRealm.filterLockedAccounts An attempt was made to authenticate the locked user [a2epfq5ugq0u]
14-May-2026 13:12:58.228 WARNING [http-nio-8080-exec-8] org.apache.catalina.realm.LockOutRealm.filterLockedAccounts An attempt was made to authenticate the locked user [a2epfq5ugq0u]
14-May-2026 13:12:58.229 WARNING [http-nio-8080-exec-9] org.apache.catalina.realm.LockOutRealm.filterLockedAccounts An attempt was made to authenticate the locked user [a2epfq5ugq0u]
14-May-2026 13:12:58.231 WARNING [http-nio-8080-exec-10] org.apache.catalina.realm.LockOutRealm.filterLockedAccounts An attempt was made to authenticate the locked user [a2epfq5ugq0u]
14-May-2026 13:12:58.233 WARNING [http-nio-8080-exec-1] org.apache.catalina.realm.LockOutRealm.filterLockedAccounts An attempt was made to authenticate the locked user [a2epfq5ugq0u]
14-May-2026 13:12:58.234 WARNING [http-nio-8080-exec-5] org.apache.catalina.realm.LockOutRealm.filterLockedAccounts An attempt was made to authenticate the locked user [a2epfq5ugq0u]
14-May-2026 13:12:58.236 WARNING [http-nio-8080-exec-6] org.apache.catalina.realm.LockOutRealm.filterLockedAccounts An attempt was made to authenticate the locked user [a2epfq5ugq0u]
14-May-2026 13:12:58.237 WARNING [http-nio-8080-exec-3] org.apache.catalina.realm.LockOutRealm.filterLockedAccounts An attempt was made to authenticate the locked user [a2epfq5ugq0u]
14-May-2026 13:12:58.238 WARNING [http-nio-8080-exec-4] org.apache.catalina.realm.LockOutRealm.filterLockedAccounts An attempt was made to authenticate the locked user [a2epfq5ugq0u]
14-May-2026 13:12:58.240 WARNING [http-nio-8080-exec-2] org.apache.catalina.realm.LockOutRealm.filterLockedAccounts An attempt was made to authenticate the locked user [a2epfq5ugq0u]
14-May-2026 13:12:58.241 WARNING [http-nio-8080-exec-7] org.apache.catalina.realm.LockOutRealm.filterLockedAccounts An attempt was made to authenticate the locked user [a2epfq5ugq0u]
14-May-2026 13:12:58.242 WARNING [http-nio-8080-exec-8] org.apache.catalina.realm.LockOutRealm.filterLockedAccounts An attempt was made to authenticate the locked user [a2epfq5ugq0u]
14-May-2026 13:12:58.243 WARNING [http-nio-8080-exec-9] org.apache.catalina.realm.LockOutRealm.filterLockedAccounts An attempt was made to authenticate the locked user [a2epfq5ugq0u]
14-May-2026 13:12:58.244 WARNING [http-nio-8080-exec-10] org.apache.catalina.realm.LockOutRealm.filterLockedAccounts An attempt was made to authenticate the locked user [a2epfq5ugq0u]
14-May-2026 13:12:58.245 WARNING [http-nio-8080-exec-1] org.apache.catalina.realm.LockOutRealm.filterLockedAccounts An attempt was made to authenticate the locked user [a2epfq5ugq0u]
14-May-2026 13:12:58.246 WARNING [http-nio-8080-exec-5] org.apache.catalina.realm.LockOutRealm.filterLockedAccounts An attempt was made to authenticate the locked user [a2epfq5ugq0u]
14-May-2026 13:12:58.248 WARNING [http-nio-8080-exec-6] org.apache.catalina.realm.LockOutRealm.filterLockedAccounts An attempt was made to authenticate the locked user [a2epfq5ugq0u]
14-May-2026 13:12:59.649 WARNING [http-nio-8080-exec-4] org.apache.catalina.realm.LockOutRealm.filterLockedAccounts An attempt was made to authenticate the locked user [a2epfq5ugq0u]
14-May-2026 13:12:59.651 WARNING [http-nio-8080-exec-2] org.apache.catalina.realm.LockOutRealm.filterLockedAccounts An attempt was made to authenticate the locked user [a2epfq5ugq0u]
14-May-2026 13:12:59.653 WARNING [http-nio-8080-exec-7] org.apache.catalina.realm.LockOutRealm.filterLockedAccounts An attempt was made to authenticate the locked user [a2epfq5ugq0u]
14-May-2026 13:12:59.655 WARNING [http-nio-8080-exec-8] org.apache.catalina.realm.LockOutRealm.filterLockedAccounts An attempt was made to authenticate the locked user [a2epfq5ugq0u]
14-May-2026 13:12:59.656 WARNING [http-nio-8080-exec-9] org.apache.catalina.realm.LockOutRealm.filterLockedAccounts An attempt was made to authenticate the locked user [a2epfq5ugq0u]
14-May-2026 13:12:59.657 WARNING [http-nio-8080-exec-10] org.apache.catalina.realm.LockOutRealm.filterLockedAccounts An attempt was made to authenticate the locked user [a2epfq5ugq0u]
14-May-2026 13:12:59.658 WARNING [http-nio-8080-exec-1] org.apache.catalina.realm.LockOutRealm.filterLockedAccounts An attempt was made to authenticate the locked user [a2epfq5ugq0u]
14-May-2026 13:12:59.659 WARNING [http-nio-8080-exec-5] org.apache.catalina.realm.LockOutRealm.filterLockedAccounts An attempt was made to authenticate the locked user [a2epfq5ugq0u]
14-May-2026 13:12:59.660 WARNING [http-nio-8080-exec-6] org.apache.catalina.realm.LockOutRealm.filterLockedAccounts An attempt was made to authenticate the locked user [a2epfq5ugq0u]
14-May-2026 13:12:59.662 WARNING [http-nio-8080-exec-3] org.apache.catalina.realm.LockOutRealm.filterLockedAccounts An attempt was made to authenticate the locked user [a2epfq5ugq0u]
14-May-2026 13:12:59.663 WARNING [http-nio-8080-exec-4] org.apache.catalina.realm.LockOutRealm.filterLockedAccounts An attempt was made to authenticate the locked user [a2epfq5ugq0u]
14-May-2026 13:12:59.664 WARNING [http-nio-8080-exec-2] org.apache.catalina.realm.LockOutRealm.filterLockedAccounts An attempt was made to authenticate the locked user [a2epfq5ugq0u]
14-May-2026 13:12:59.666 WARNING [http-nio-8080-exec-7] org.apache.catalina.realm.LockOutRealm.filterLockedAccounts An attempt was made to authenticate the locked user [a2epfq5ugq0u]
14-May-2026 13:12:59.667 WARNING [http-nio-8080-exec-8] org.apache.catalina.realm.LockOutRealm.filterLockedAccounts An attempt was made to authenticate the locked user [a2epfq5ugq0u]
14-May-2026 13:12:59.669 WARNING [http-nio-8080-exec-9] org.apache.catalina.realm.LockOutRealm.filterLockedAccounts An attempt was made to authenticate the locked user [a2epfq5ugq0u]
14-May-2026 13:12:59.670 WARNING [http-nio-8080-exec-10] org.apache.catalina.realm.LockOutRealm.filterLockedAccounts An attempt was made to authenticate the locked user [a2epfq5ugq0u]
14-May-2026 13:12:59.670 WARNING [http-nio-8080-exec-1] org.apache.catalina.realm.LockOutRealm.filterLockedAccounts An attempt was made to authenticate the locked user [a2epfq5ugq0u]
14-May-2026 13:12:59.671 WARNING [http-nio-8080-exec-5] org.apache.catalina.realm.LockOutRealm.filterLockedAccounts An attempt was made to authenticate the locked user [a2epfq5ugq0u]
14-May-2026 13:12:59.673 WARNING [http-nio-8080-exec-6] org.apache.catalina.realm.LockOutRealm.filterLockedAccounts An attempt was made to authenticate the locked user [a2epfq5ugq0u]
14-May-2026 13:12:59.674 WARNING [http-nio-8080-exec-3] org.apache.catalina.realm.LockOutRealm.filterLockedAccounts An attempt was made to authenticate the locked user [a2epfq5ugq0u]
14-May-2026 13:12:59.676 WARNING [http-nio-8080-exec-4] org.apache.catalina.realm.LockOutRealm.filterLockedAccounts An attempt was made to authenticate the locked user [a2epfq5ugq0u]
14-May-2026 13:12:59.677 WARNING [http-nio-8080-exec-2] org.apache.catalina.realm.LockOutRealm.filterLockedAccounts An attempt was made to authenticate the locked user [a2epfq5ugq0u]
14-May-2026 13:12:59.679 WARNING [http-nio-8080-exec-7] org.apache.catalina.realm.LockOutRealm.filterLockedAccounts An attempt was made to authenticate the locked user [a2epfq5ugq0u]
14-May-2026 13:12:59.680 WARNING [http-nio-8080-exec-8] org.apache.catalina.realm.LockOutRealm.filterLockedAccounts An attempt was made to authenticate the locked user [a2epfq5ugq0u]
14-May-2026 13:12:59.681 WARNING [http-nio-8080-exec-9] org.apache.catalina.realm.LockOutRealm.filterLockedAccounts An attempt was made to authenticate the locked user [a2epfq5ugq0u]
14-May-2026 13:12:59.681 WARNING [http-nio-8080-exec-10] org.apache.catalina.realm.LockOutRealm.filterLockedAccounts An attempt was made to authenticate the locked user [a2epfq5ugq0u]
14-May-2026 13:12:59.684 WARNING [http-nio-8080-exec-1] org.apache.catalina.realm.LockOutRealm.filterLockedAccounts An attempt was made to authenticate the locked user [a2epfq5ugq0u]
14-May-2026 13:12:59.685 WARNING [http-nio-8080-exec-5] org.apache.catalina.realm.LockOutRealm.filterLockedAccounts An attempt was made to authenticate the locked user [a2epfq5ugq0u]
14-May-2026 13:12:59.686 WARNING [http-nio-8080-exec-6] org.apache.catalina.realm.LockOutRealm.filterLockedAccounts An attempt was made to authenticate the locked user [a2epfq5ugq0u]
14-May-2026 13:12:59.687 WARNING [http-nio-8080-exec-3] org.apache.catalina.realm.LockOutRealm.filterLockedAccounts An attempt was made to authenticate the locked user [a2epfq5ugq0u]
14-May-2026 13:12:59.688 WARNING [http-nio-8080-exec-4] org.apache.catalina.realm.LockOutRealm.filterLockedAccounts An attempt was made to authenticate the locked user [a2epfq5ugq0u]
14-May-2026 13:13:00.879 WARNING [http-nio-8080-exec-7] org.apache.catalina.realm.LockOutRealm.filterLockedAccounts An attempt was made to authenticate the locked user [a2epfq5ugq0u]
14-May-2026 13:13:00.881 WARNING [http-nio-8080-exec-8] org.apache.catalina.realm.LockOutRealm.filterLockedAccounts An attempt was made to authenticate the locked user [a2epfq5ugq0u]
14-May-2026 13:13:00.883 WARNING [http-nio-8080-exec-9] org.apache.catalina.realm.LockOutRealm.filterLockedAccounts An attempt was made to authenticate the locked user [a2epfq5ugq0u]
14-May-2026 13:13:00.884 WARNING [http-nio-8080-exec-10] org.apache.catalina.realm.LockOutRealm.filterLockedAccounts An attempt was made to authenticate the locked user [a2epfq5ugq0u]
14-May-2026 13:13:00.885 WARNING [http-nio-8080-exec-1] org.apache.catalina.realm.LockOutRealm.filterLockedAccounts An attempt was made to authenticate the locked user [a2epfq5ugq0u]
14-May-2026 13:13:00.886 WARNING [http-nio-8080-exec-5] org.apache.catalina.realm.LockOutRealm.filterLockedAccounts An attempt was made to authenticate the locked user [a2epfq5ugq0u]
14-May-2026 13:13:00.888 WARNING [http-nio-8080-exec-6] org.apache.catalina.realm.LockOutRealm.filterLockedAccounts An attempt was made to authenticate the locked user [a2epfq5ugq0u]
14-May-2026 13:13:00.889 WARNING [http-nio-8080-exec-3] org.apache.catalina.realm.LockOutRealm.filterLockedAccounts An attempt was made to authenticate the locked user [a2epfq5ugq0u]
14-May-2026 13:13:00.891 WARNING [http-nio-8080-exec-4] org.apache.catalina.realm.LockOutRealm.filterLockedAccounts An attempt was made to authenticate the locked user [a2epfq5ugq0u]
14-May-2026 13:13:00.892 WARNING [http-nio-8080-exec-2] org.apache.catalina.realm.LockOutRealm.filterLockedAccounts An attempt was made to authenticate the locked user [a2epfq5ugq0u]
14-May-2026 13:13:00.893 WARNING [http-nio-8080-exec-7] org.apache.catalina.realm.LockOutRealm.filterLockedAccounts An attempt was made to authenticate the locked user [a2epfq5ugq0u]
14-May-2026 13:13:00.894 WARNING [http-nio-8080-exec-8] org.apache.catalina.realm.LockOutRealm.filterLockedAccounts An attempt was made to authenticate the locked user [a2epfq5ugq0u]
14-May-2026 13:13:00.895 WARNING [http-nio-8080-exec-9] org.apache.catalina.realm.LockOutRealm.filterLockedAccounts An attempt was made to authenticate the locked user [a2epfq5ugq0u]
14-May-2026 13:13:00.897 WARNING [http-nio-8080-exec-10] org.apache.catalina.realm.LockOutRealm.filterLockedAccounts An attempt was made to authenticate the locked user [a2epfq5ugq0u]
14-May-2026 13:13:00.898 WARNING [http-nio-8080-exec-1] org.apache.catalina.realm.LockOutRealm.filterLockedAccounts An attempt was made to authenticate the locked user [a2epfq5ugq0u]
14-May-2026 13:13:00.899 WARNING [http-nio-8080-exec-5] org.apache.catalina.realm.LockOutRealm.filterLockedAccounts An attempt was made to authenticate the locked user [a2epfq5ugq0u]
14-May-2026 13:13:00.901 WARNING [http-nio-8080-exec-6] org.apache.catalina.realm.LockOutRealm.filterLockedAccounts An attempt was made to authenticate the locked user [a2epfq5ugq0u]
14-May-2026 13:13:00.902 WARNING [http-nio-8080-exec-3] org.apache.catalina.realm.LockOutRealm.filterLockedAccounts An attempt was made to authenticate the locked user [a2epfq5ugq0u]
14-May-2026 13:13:00.904 WARNING [http-nio-8080-exec-4] org.apache.catalina.realm.LockOutRealm.filterLockedAccounts An attempt was made to authenticate the locked user [a2epfq5ugq0u]
14-May-2026 13:13:00.906 WARNING [http-nio-8080-exec-2] org.apache.catalina.realm.LockOutRealm.filterLockedAccounts An attempt was made to authenticate the locked user [a2epfq5ugq0u]
14-May-2026 13:13:00.907 WARNING [http-nio-8080-exec-7] org.apache.catalina.realm.LockOutRealm.filterLockedAccounts An attempt was made to authenticate the locked user [a2epfq5ugq0u]
14-May-2026 13:13:00.908 WARNING [http-nio-8080-exec-8] org.apache.catalina.realm.LockOutRealm.filterLockedAccounts An attempt was made to authenticate the locked user [a2epfq5ugq0u]
14-May-2026 13:13:00.911 WARNING [http-nio-8080-exec-9] org.apache.catalina.realm.LockOutRealm.filterLockedAccounts An attempt was made to authenticate the locked user [a2epfq5ugq0u]
14-May-2026 13:13:00.913 WARNING [http-nio-8080-exec-10] org.apache.catalina.realm.LockOutRealm.filterLockedAccounts An attempt was made to authenticate the locked user [a2epfq5ugq0u]
14-May-2026 13:13:00.914 WARNING [http-nio-8080-exec-1] org.apache.catalina.realm.LockOutRealm.filterLockedAccounts An attempt was made to authenticate the locked user [a2epfq5ugq0u]
14-May-2026 13:13:00.915 WARNING [http-nio-8080-exec-5] org.apache.catalina.realm.LockOutRealm.filterLockedAccounts An attempt was made to authenticate the locked user [a2epfq5ugq0u]
14-May-2026 13:13:00.918 WARNING [http-nio-8080-exec-6] org.apache.catalina.realm.LockOutRealm.filterLockedAccounts An attempt was made to authenticate the locked user [a2epfq5ugq0u]
14-May-2026 13:13:00.921 WARNING [http-nio-8080-exec-3] org.apache.catalina.realm.LockOutRealm.filterLockedAccounts An attempt was made to authenticate the locked user [a2epfq5ugq0u]
14-May-2026 13:13:00.922 WARNING [http-nio-8080-exec-4] org.apache.catalina.realm.LockOutRealm.filterLockedAccounts An attempt was made to authenticate the locked user [a2epfq5ugq0u]
14-May-2026 13:13:00.925 WARNING [http-nio-8080-exec-2] org.apache.catalina.realm.LockOutRealm.filterLockedAccounts An attempt was made to authenticate the locked user [a2epfq5ugq0u]
14-May-2026 13:13:00.926 WARNING [http-nio-8080-exec-7] org.apache.catalina.realm.LockOutRealm.filterLockedAccounts An attempt was made to authenticate the locked user [a2epfq5ugq0u]
14-May-2026 13:13:10.035 INFO [main] org.apache.catalina.core.StandardServer.await A valid shutdown command was received via the shutdown port. Stopping the Server instance.
14-May-2026 13:13:10.035 INFO [main] org.apache.coyote.AbstractProtocol.pause Pausing ProtocolHandler ["http-nio-8080"]
14-May-2026 13:13:10.112 INFO [main] org.apache.catalina.core.StandardService.stopInternal Stopping service [Catalina]
14-May-2026 13:13:10.124 INFO [main] org.apache.coyote.AbstractProtocol.stop Stopping ProtocolHandler ["http-nio-8080"]
14-May-2026 13:13:10.139 INFO [main] org.apache.coyote.AbstractProtocol.destroy Destroying ProtocolHandler ["http-nio-8080"]
14-May-2026 13:14:01.641 INFO [main] org.apache.catalina.startup.VersionLoggerListener.log Server version name:   Apache Tomcat/8.5.96
14-May-2026 13:14:01.643 INFO [main] org.apache.catalina.startup.VersionLoggerListener.log Server built:          Nov 10 2023 14:56:59 UTC
14-May-2026 13:14:01.644 INFO [main] org.apache.catalina.startup.VersionLoggerListener.log Server version number: 8.5.96.0
14-May-2026 13:14:01.644 INFO [main] org.apache.catalina.startup.VersionLoggerListener.log OS Name:               Windows 10
14-May-2026 13:14:01.645 INFO [main] org.apache.catalina.startup.VersionLoggerListener.log OS Version:            10.0
14-May-2026 13:14:01.645 INFO [main] org.apache.catalina.startup.VersionLoggerListener.log Architecture:          amd64
14-May-2026 13:14:01.645 INFO [main] org.apache.catalina.startup.VersionLoggerListener.log Java Home:             C:\Program Files\Java\jre1.8.0_251
14-May-2026 13:14:01.645 INFO [main] org.apache.catalina.startup.VersionLoggerListener.log JVM Version:           1.8.0_251-b08
14-May-2026 13:14:01.645 INFO [main] org.apache.catalina.startup.VersionLoggerListener.log JVM Vendor:            Oracle Corporation
14-May-2026 13:14:01.645 INFO [main] org.apache.catalina.startup.VersionLoggerListener.log CATALINA_BASE:         C:\xampp\tomcat
14-May-2026 13:14:01.645 INFO [main] org.apache.catalina.startup.VersionLoggerListener.log CATALINA_HOME:         C:\xampp\tomcat
14-May-2026 13:14:01.645 INFO [main] org.apache.catalina.startup.VersionLoggerListener.log Command line argument: -Djava.util.logging.config.file=c:\xampp\tomcat\conf\logging.properties
14-May-2026 13:14:01.645 INFO [main] org.apache.catalina.startup.VersionLoggerListener.log Command line argument: -Djava.util.logging.manager=org.apache.juli.ClassLoaderLogManager
14-May-2026 13:14:01.646 INFO [main] org.apache.catalina.startup.VersionLoggerListener.log Command line argument: -Djdk.tls.ephemeralDHKeySize=2048
14-May-2026 13:14:01.646 INFO [main] org.apache.catalina.startup.VersionLoggerListener.log Command line argument: -Djava.protocol.handler.pkgs=org.apache.catalina.webresources
14-May-2026 13:14:01.646 INFO [main] org.apache.catalina.startup.VersionLoggerListener.log Command line argument: -Dignore.endorsed.dirs=
14-May-2026 13:14:01.646 INFO [main] org.apache.catalina.startup.VersionLoggerListener.log Command line argument: -Dcatalina.base=c:\xampp\tomcat
14-May-2026 13:14:01.646 INFO [main] org.apache.catalina.startup.VersionLoggerListener.log Command line argument: -Dcatalina.home=c:\xampp\tomcat
14-May-2026 13:14:01.646 INFO [main] org.apache.catalina.startup.VersionLoggerListener.log Command line argument: -Djava.io.tmpdir=c:\xampp\tomcat\temp
14-May-2026 13:14:01.646 INFO [main] org.apache.catalina.core.AprLifecycleListener.lifecycleEvent The Apache Tomcat Native library which allows using OpenSSL was not found on the java.library.path: [C:\Program Files\Java\jre1.8.0_251\bin;C:\WINDOWS\Sun\Java\bin;C:\WINDOWS\system32;C:\WINDOWS;C:\Program Files (x86)\Common Files\Oracle\Java\javapath;C:\Windows\system32;C:\Windows;C:\Windows\System32\Wbem;C:\Windows\System32\WindowsPowerShell\v1.0\;C:\Windows\System32\OpenSSH\;C:\Program Files (x86)\NVIDIA Corporation\PhysX\Common;C:\WINDOWS\system32;C:\WINDOWS;C:\WINDOWS\System32\Wbem;C:\WINDOWS\System32\WindowsPowerShell\v1.0\;C:\WINDOWS\System32\OpenSSH\;C:\Program Files\NVIDIA Corporation\NVIDIA app\NvDLISR;C:\Program Files\dotnet\;C:\Program Files (x86)\Windows Kits\10\Windows Performance Toolkit\;C:\Program Files\Git\cmd;C:\Program Files\Cloudflare\Cloudflare WARP\;apache-maven-3.9.15\bin;C:\Program Files\apache-maven-3.9.15;C:\Users\Acer\AppData\Local\Microsoft\WindowsApps;C:\Users\Acer\AppData\Local\Programs\Microsoft VS Code\bin;.]
14-May-2026 13:14:01.714 INFO [main] org.apache.coyote.AbstractProtocol.init Initializing ProtocolHandler ["http-nio-8080"]
14-May-2026 13:14:01.724 INFO [main] org.apache.catalina.startup.Catalina.load Initialization processed in 290 ms
14-May-2026 13:14:01.739 INFO [main] org.apache.catalina.core.StandardService.startInternal Starting service [Catalina]
14-May-2026 13:14:01.740 INFO [main] org.apache.catalina.core.StandardEngine.startInternal Starting Servlet engine: [Apache Tomcat/8.5.96]
14-May-2026 13:14:01.745 INFO [localhost-startStop-1] org.apache.catalina.startup.HostConfig.deployDirectory Deploying web application directory [C:\xampp\tomcat\webapps\blogphim]
14-May-2026 13:14:02.066 INFO [localhost-startStop-1] org.apache.jasper.servlet.TldScanner.scanJars At least one JAR was scanned for TLDs yet contained no TLDs. Enable debug logging for this logger for a complete list of JARs that were scanned but no TLDs were found in them. Skipping unneeded JARs during scanning can improve startup time and JSP compilation time.
14-May-2026 13:14:02.180 INFO [localhost-startStop-1] org.apache.catalina.startup.HostConfig.deployDirectory Deployment of web application directory [C:\xampp\tomcat\webapps\blogphim] has finished in [435] ms
14-May-2026 13:14:02.180 INFO [localhost-startStop-1] org.apache.catalina.startup.HostConfig.deployDirectory Deploying web application directory [C:\xampp\tomcat\webapps\docs]
14-May-2026 13:14:02.193 INFO [localhost-startStop-1] org.apache.catalina.startup.HostConfig.deployDirectory Deployment of web application directory [C:\xampp\tomcat\webapps\docs] has finished in [13] ms
14-May-2026 13:14:02.193 INFO [localhost-startStop-1] org.apache.catalina.startup.HostConfig.deployDirectory Deploying web application directory [C:\xampp\tomcat\webapps\examples]
14-May-2026 13:14:02.337 INFO [localhost-startStop-1] org.apache.catalina.startup.HostConfig.deployDirectory Deployment of web application directory [C:\xampp\tomcat\webapps\examples] has finished in [143] ms
14-May-2026 13:14:02.337 INFO [localhost-startStop-1] org.apache.catalina.startup.HostConfig.deployDirectory Deploying web application directory [C:\xampp\tomcat\webapps\host-manager]
14-May-2026 13:14:02.351 INFO [localhost-startStop-1] org.apache.catalina.startup.HostConfig.deployDirectory Deployment of web application directory [C:\xampp\tomcat\webapps\host-manager] has finished in [14] ms
14-May-2026 13:14:02.351 INFO [localhost-startStop-1] org.apache.catalina.startup.HostConfig.deployDirectory Deploying web application directory [C:\xampp\tomcat\webapps\manager]
14-May-2026 13:14:02.364 INFO [localhost-startStop-1] org.apache.catalina.startup.HostConfig.deployDirectory Deployment of web application directory [C:\xampp\tomcat\webapps\manager] has finished in [13] ms
14-May-2026 13:14:02.364 INFO [localhost-startStop-1] org.apache.catalina.startup.HostConfig.deployDirectory Deploying web application directory [C:\xampp\tomcat\webapps\ROOT]
14-May-2026 13:14:02.374 INFO [localhost-startStop-1] org.apache.catalina.startup.HostConfig.deployDirectory Deployment of web application directory [C:\xampp\tomcat\webapps\ROOT] has finished in [10] ms
14-May-2026 13:14:02.385 INFO [main] org.apache.coyote.AbstractProtocol.start Starting ProtocolHandler ["http-nio-8080"]
14-May-2026 13:14:02.421 INFO [main] org.apache.catalina.startup.Catalina.start Server startup in 696 ms
14-May-2026 13:17:54.025 INFO [main] org.apache.catalina.core.StandardServer.await A valid shutdown command was received via the shutdown port. Stopping the Server instance.
14-May-2026 13:17:54.025 INFO [main] org.apache.coyote.AbstractProtocol.pause Pausing ProtocolHandler ["http-nio-8080"]
14-May-2026 13:17:54.102 INFO [main] org.apache.catalina.core.StandardService.stopInternal Stopping service [Catalina]
14-May-2026 13:17:54.117 INFO [main] org.apache.coyote.AbstractProtocol.stop Stopping ProtocolHandler ["http-nio-8080"]
14-May-2026 13:17:54.124 INFO [main] org.apache.coyote.AbstractProtocol.destroy Destroying ProtocolHandler ["http-nio-8080"]
14-May-2026 13:29:46.214 INFO [main] org.apache.catalina.startup.VersionLoggerListener.log Server version name:   Apache Tomcat/8.5.96
14-May-2026 13:29:46.215 INFO [main] org.apache.catalina.startup.VersionLoggerListener.log Server built:          Nov 10 2023 14:56:59 UTC
14-May-2026 13:29:46.215 INFO [main] org.apache.catalina.startup.VersionLoggerListener.log Server version number: 8.5.96.0
14-May-2026 13:29:46.215 INFO [main] org.apache.catalina.startup.VersionLoggerListener.log OS Name:               Windows 10
14-May-2026 13:29:46.216 INFO [main] org.apache.catalina.startup.VersionLoggerListener.log OS Version:            10.0
14-May-2026 13:29:46.217 INFO [main] org.apache.catalina.startup.VersionLoggerListener.log Architecture:          amd64
14-May-2026 13:29:46.217 INFO [main] org.apache.catalina.startup.VersionLoggerListener.log Java Home:             C:\Program Files\Java\jre1.8.0_251
14-May-2026 13:29:46.217 INFO [main] org.apache.catalina.startup.VersionLoggerListener.log JVM Version:           1.8.0_251-b08
14-May-2026 13:29:46.217 INFO [main] org.apache.catalina.startup.VersionLoggerListener.log JVM Vendor:            Oracle Corporation
14-May-2026 13:29:46.217 INFO [main] org.apache.catalina.startup.VersionLoggerListener.log CATALINA_BASE:         C:\xampp\tomcat
14-May-2026 13:29:46.217 INFO [main] org.apache.catalina.startup.VersionLoggerListener.log CATALINA_HOME:         C:\xampp\tomcat
14-May-2026 13:29:46.217 INFO [main] org.apache.catalina.startup.VersionLoggerListener.log Command line argument: -Djava.util.logging.config.file=C:\xampp\tomcat\conf\logging.properties
14-May-2026 13:29:46.217 INFO [main] org.apache.catalina.startup.VersionLoggerListener.log Command line argument: -Djava.util.logging.manager=org.apache.juli.ClassLoaderLogManager
14-May-2026 13:29:46.217 INFO [main] org.apache.catalina.startup.VersionLoggerListener.log Command line argument: -Djdk.tls.ephemeralDHKeySize=2048
14-May-2026 13:29:46.218 INFO [main] org.apache.catalina.startup.VersionLoggerListener.log Command line argument: -Djava.protocol.handler.pkgs=org.apache.catalina.webresources
14-May-2026 13:29:46.218 INFO [main] org.apache.catalina.startup.VersionLoggerListener.log Command line argument: -Dignore.endorsed.dirs=
14-May-2026 13:29:46.218 INFO [main] org.apache.catalina.startup.VersionLoggerListener.log Command line argument: -Dcatalina.base=C:\xampp\tomcat
14-May-2026 13:29:46.218 INFO [main] org.apache.catalina.startup.VersionLoggerListener.log Command line argument: -Dcatalina.home=C:\xampp\tomcat
14-May-2026 13:29:46.218 INFO [main] org.apache.catalina.startup.VersionLoggerListener.log Command line argument: -Djava.io.tmpdir=C:\xampp\tomcat\temp
14-May-2026 13:29:46.218 INFO [main] org.apache.catalina.core.AprLifecycleListener.lifecycleEvent The Apache Tomcat Native library which allows using OpenSSL was not found on the java.library.path: [C:\Program Files\Java\jre1.8.0_251\bin;C:\WINDOWS\Sun\Java\bin;C:\WINDOWS\system32;C:\WINDOWS;c:\Users\Acer\AppData\Roaming\Code\User\globalStorage\github.copilot-chat\debugCommand;c:\Users\Acer\AppData\Roaming\Code\User\globalStorage\github.copilot-chat\copilotCli;C:\Users\Acer\AppData\Local\Programs\Microsoft VS Code;C:\Program Files (x86)\Common Files\Oracle\Java\javapath;C:\Windows\system32;C:\Windows;C:\Windows\System32\Wbem;C:\Windows\System32\WindowsPowerShell\v1.0\;C:\Windows\System32\OpenSSH\;C:\Program Files (x86)\NVIDIA Corporation\PhysX\Common;C:\WINDOWS\system32;C:\WINDOWS;C:\WINDOWS\System32\Wbem;C:\WINDOWS\System32\WindowsPowerShell\v1.0\;C:\WINDOWS\System32\OpenSSH\;C:\Program Files\NVIDIA Corporation\NVIDIA app\NvDLISR;C:\Program Files\dotnet\;C:\Program Files (x86)\Windows Kits\10\Windows Performance Toolkit\;C:\Program Files\Git\cmd;C:\Program Files\Cloudflare\Cloudflare WARP\;apache-maven-3.9.15\bin;C:\Program Files\apache-maven-3.9.15;C:\Users\Acer\AppData\Local\Microsoft\WindowsApps;C:\Users\Acer\AppData\Local\Programs\Microsoft VS Code\bin;c:\Users\Acer\.vscode\extensions\vscjava.vscode-java-debug-0.59.0\bundled\scripts\noConfigScripts;C:\Program Files\Eclipse Adoptium\jdk-25.0.3.9-hotspot\bin;C:\Program Files\Eclipse Adoptium\jdk-25.0.3.9-hotspot\bin;.]
14-May-2026 13:29:46.298 INFO [main] org.apache.coyote.AbstractProtocol.init Initializing ProtocolHandler ["http-nio-8080"]
14-May-2026 13:29:46.312 INFO [main] org.apache.catalina.startup.Catalina.load Initialization processed in 324 ms
14-May-2026 13:29:46.331 INFO [main] org.apache.catalina.core.StandardService.startInternal Starting service [Catalina]
14-May-2026 13:29:46.331 INFO [main] org.apache.catalina.core.StandardEngine.startInternal Starting Servlet engine: [Apache Tomcat/8.5.96]
14-May-2026 13:29:46.337 INFO [localhost-startStop-1] org.apache.catalina.startup.HostConfig.deployDirectory Deploying web application directory [C:\xampp\tomcat\webapps\blogphim]
14-May-2026 13:29:46.759 INFO [localhost-startStop-1] org.apache.jasper.servlet.TldScanner.scanJars At least one JAR was scanned for TLDs yet contained no TLDs. Enable debug logging for this logger for a complete list of JARs that were scanned but no TLDs were found in them. Skipping unneeded JARs during scanning can improve startup time and JSP compilation time.
14-May-2026 13:29:46.901 INFO [localhost-startStop-1] org.apache.catalina.startup.HostConfig.deployDirectory Deployment of web application directory [C:\xampp\tomcat\webapps\blogphim] has finished in [564] ms
14-May-2026 13:29:46.902 INFO [localhost-startStop-1] org.apache.catalina.startup.HostConfig.deployDirectory Deploying web application directory [C:\xampp\tomcat\webapps\docs]
14-May-2026 13:29:46.915 INFO [localhost-startStop-1] org.apache.catalina.startup.HostConfig.deployDirectory Deployment of web application directory [C:\xampp\tomcat\webapps\docs] has finished in [13] ms
14-May-2026 13:29:46.915 INFO [localhost-startStop-1] org.apache.catalina.startup.HostConfig.deployDirectory Deploying web application directory [C:\xampp\tomcat\webapps\examples]
14-May-2026 13:29:47.050 INFO [localhost-startStop-1] org.apache.catalina.startup.HostConfig.deployDirectory Deployment of web application directory [C:\xampp\tomcat\webapps\examples] has finished in [134] ms
14-May-2026 13:29:47.050 INFO [localhost-startStop-1] org.apache.catalina.startup.HostConfig.deployDirectory Deploying web application directory [C:\xampp\tomcat\webapps\host-manager]
14-May-2026 13:29:47.063 INFO [localhost-startStop-1] org.apache.catalina.startup.HostConfig.deployDirectory Deployment of web application directory [C:\xampp\tomcat\webapps\host-manager] has finished in [13] ms
14-May-2026 13:29:47.063 INFO [localhost-startStop-1] org.apache.catalina.startup.HostConfig.deployDirectory Deploying web application directory [C:\xampp\tomcat\webapps\manager]
14-May-2026 13:29:47.074 INFO [localhost-startStop-1] org.apache.catalina.startup.HostConfig.deployDirectory Deployment of web application directory [C:\xampp\tomcat\webapps\manager] has finished in [11] ms
14-May-2026 13:29:47.074 INFO [localhost-startStop-1] org.apache.catalina.startup.HostConfig.deployDirectory Deploying web application directory [C:\xampp\tomcat\webapps\ROOT]
14-May-2026 13:29:47.083 INFO [localhost-startStop-1] org.apache.catalina.startup.HostConfig.deployDirectory Deployment of web application directory [C:\xampp\tomcat\webapps\ROOT] has finished in [9] ms
14-May-2026 13:29:47.093 INFO [main] org.apache.coyote.AbstractProtocol.start Starting ProtocolHandler ["http-nio-8080"]
14-May-2026 13:29:47.103 INFO [main] org.apache.catalina.startup.Catalina.start Server startup in 790 ms
14-May-2026 13:31:42.930 INFO [main] org.apache.catalina.startup.VersionLoggerListener.log Server version name:   Apache Tomcat/8.5.96
14-May-2026 13:31:42.931 INFO [main] org.apache.catalina.startup.VersionLoggerListener.log Server built:          Nov 10 2023 14:56:59 UTC
14-May-2026 13:31:42.933 INFO [main] org.apache.catalina.startup.VersionLoggerListener.log Server version number: 8.5.96.0
14-May-2026 13:31:42.933 INFO [main] org.apache.catalina.startup.VersionLoggerListener.log OS Name:               Windows 10
14-May-2026 13:31:42.934 INFO [main] org.apache.catalina.startup.VersionLoggerListener.log OS Version:            10.0
14-May-2026 13:31:42.934 INFO [main] org.apache.catalina.startup.VersionLoggerListener.log Architecture:          amd64
14-May-2026 13:31:42.934 INFO [main] org.apache.catalina.startup.VersionLoggerListener.log Java Home:             C:\Program Files\Java\jre1.8.0_251
14-May-2026 13:31:42.934 INFO [main] org.apache.catalina.startup.VersionLoggerListener.log JVM Version:           1.8.0_251-b08
14-May-2026 13:31:42.934 INFO [main] org.apache.catalina.startup.VersionLoggerListener.log JVM Vendor:            Oracle Corporation
14-May-2026 13:31:42.934 INFO [main] org.apache.catalina.startup.VersionLoggerListener.log CATALINA_BASE:         C:\xampp\tomcat
14-May-2026 13:31:42.934 INFO [main] org.apache.catalina.startup.VersionLoggerListener.log CATALINA_HOME:         C:\xampp\tomcat
14-May-2026 13:31:42.934 INFO [main] org.apache.catalina.startup.VersionLoggerListener.log Command line argument: -Djava.util.logging.config.file=C:\xampp\tomcat\conf\logging.properties
14-May-2026 13:31:42.934 INFO [main] org.apache.catalina.startup.VersionLoggerListener.log Command line argument: -Djava.util.logging.manager=org.apache.juli.ClassLoaderLogManager
14-May-2026 13:31:42.934 INFO [main] org.apache.catalina.startup.VersionLoggerListener.log Command line argument: -Djdk.tls.ephemeralDHKeySize=2048
14-May-2026 13:31:42.934 INFO [main] org.apache.catalina.startup.VersionLoggerListener.log Command line argument: -Djava.protocol.handler.pkgs=org.apache.catalina.webresources
14-May-2026 13:31:42.935 INFO [main] org.apache.catalina.startup.VersionLoggerListener.log Command line argument: -Dignore.endorsed.dirs=
14-May-2026 13:31:42.935 INFO [main] org.apache.catalina.startup.VersionLoggerListener.log Command line argument: -Dcatalina.base=C:\xampp\tomcat
14-May-2026 13:31:42.935 INFO [main] org.apache.catalina.startup.VersionLoggerListener.log Command line argument: -Dcatalina.home=C:\xampp\tomcat
14-May-2026 13:31:42.935 INFO [main] org.apache.catalina.startup.VersionLoggerListener.log Command line argument: -Djava.io.tmpdir=C:\xampp\tomcat\temp
14-May-2026 13:31:42.935 INFO [main] org.apache.catalina.core.AprLifecycleListener.lifecycleEvent Loaded Apache Tomcat Native library [1.2.39] using APR version [1.7.4].
14-May-2026 13:31:42.935 INFO [main] org.apache.catalina.core.AprLifecycleListener.lifecycleEvent APR capabilities: IPv6 [true], sendfile [true], accept filters [false], random [true], UDS [{4}].
14-May-2026 13:31:42.935 INFO [main] org.apache.catalina.core.AprLifecycleListener.lifecycleEvent APR/OpenSSL configuration: useAprConnector [false], useOpenSSL [true]
14-May-2026 13:31:42.939 INFO [main] org.apache.catalina.core.AprLifecycleListener.initializeSSL OpenSSL successfully initialized [OpenSSL 3.0.11 19 Sep 2023]
14-May-2026 13:31:43.015 INFO [main] org.apache.coyote.AbstractProtocol.init Initializing ProtocolHandler ["http-nio-8080"]
14-May-2026 13:31:43.022 SEVERE [main] org.apache.catalina.core.StandardService.initInternal Failed to initialize connector [Connector["http-nio-8080"]]
	org.apache.catalina.LifecycleException: Protocol handler initialization failed
		at org.apache.catalina.connector.Connector.initInternal(Connector.java:1075)
		at org.apache.catalina.util.LifecycleBase.init(LifecycleBase.java:127)
		at org.apache.catalina.core.StandardService.initInternal(StandardService.java:564)
		at org.apache.catalina.util.LifecycleBase.init(LifecycleBase.java:127)
		at org.apache.catalina.core.StandardServer.initInternal(StandardServer.java:854)
		at org.apache.catalina.util.LifecycleBase.init(LifecycleBase.java:127)
		at org.apache.catalina.startup.Catalina.load(Catalina.java:646)
		at org.apache.catalina.startup.Catalina.load(Catalina.java:669)
		at sun.reflect.NativeMethodAccessorImpl.invoke0(Native Method)
		at sun.reflect.NativeMethodAccessorImpl.invoke(Unknown Source)
		at sun.reflect.DelegatingMethodAccessorImpl.invoke(Unknown Source)
		at java.lang.reflect.Method.invoke(Unknown Source)
		at org.apache.catalina.startup.Bootstrap.load(Bootstrap.java:307)
		at org.apache.catalina.startup.Bootstrap.main(Bootstrap.java:477)
	Caused by: java.net.BindException: Address already in use: bind
		at sun.nio.ch.Net.bind0(Native Method)
		at sun.nio.ch.Net.bind(Unknown Source)
		at sun.nio.ch.Net.bind(Unknown Source)
		at sun.nio.ch.ServerSocketChannelImpl.bind(Unknown Source)
		at sun.nio.ch.ServerSocketAdaptor.bind(Unknown Source)
		at org.apache.tomcat.util.net.NioEndpoint.initServerSocket(NioEndpoint.java:226)
		at org.apache.tomcat.util.net.NioEndpoint.bind(NioEndpoint.java:202)
		at org.apache.tomcat.util.net.AbstractEndpoint.bindWithCleanup(AbstractEndpoint.java:1326)
		at org.apache.tomcat.util.net.AbstractEndpoint.init(AbstractEndpoint.java:1339)
		at org.apache.tomcat.util.net.AbstractJsseEndpoint.init(AbstractJsseEndpoint.java:231)
		at org.apache.coyote.AbstractProtocol.init(AbstractProtocol.java:695)
		at org.apache.coyote.http11.AbstractHttp11Protocol.init(AbstractHttp11Protocol.java:76)
		at org.apache.catalina.connector.Connector.initInternal(Connector.java:1073)
		... 13 more
14-May-2026 13:31:43.023 INFO [main] org.apache.catalina.startup.Catalina.load Initialization processed in 333 ms
14-May-2026 13:31:43.042 INFO [main] org.apache.catalina.core.StandardService.startInternal Starting service [Catalina]
14-May-2026 13:31:43.042 INFO [main] org.apache.catalina.core.StandardEngine.startInternal Starting Servlet engine: [Apache Tomcat/8.5.96]
14-May-2026 13:31:43.053 INFO [localhost-startStop-1] org.apache.catalina.startup.HostConfig.deployDirectory Deploying web application directory [C:\xampp\tomcat\webapps\blogphim]
14-May-2026 13:31:43.363 INFO [localhost-startStop-1] org.apache.jasper.servlet.TldScanner.scanJars At least one JAR was scanned for TLDs yet contained no TLDs. Enable debug logging for this logger for a complete list of JARs that were scanned but no TLDs were found in them. Skipping unneeded JARs during scanning can improve startup time and JSP compilation time.
14-May-2026 13:31:43.467 INFO [localhost-startStop-1] org.apache.catalina.startup.HostConfig.deployDirectory Deployment of web application directory [C:\xampp\tomcat\webapps\blogphim] has finished in [414] ms
14-May-2026 13:31:43.468 INFO [localhost-startStop-1] org.apache.catalina.startup.HostConfig.deployDirectory Deploying web application directory [C:\xampp\tomcat\webapps\docs]
14-May-2026 13:31:43.482 INFO [localhost-startStop-1] org.apache.catalina.startup.HostConfig.deployDirectory Deployment of web application directory [C:\xampp\tomcat\webapps\docs] has finished in [14] ms
14-May-2026 13:31:43.482 INFO [localhost-startStop-1] org.apache.catalina.startup.HostConfig.deployDirectory Deploying web application directory [C:\xampp\tomcat\webapps\examples]
14-May-2026 13:31:43.624 INFO [localhost-startStop-1] org.apache.catalina.startup.HostConfig.deployDirectory Deployment of web application directory [C:\xampp\tomcat\webapps\examples] has finished in [142] ms
14-May-2026 13:31:43.624 INFO [localhost-startStop-1] org.apache.catalina.startup.HostConfig.deployDirectory Deploying web application directory [C:\xampp\tomcat\webapps\host-manager]
14-May-2026 13:31:43.638 INFO [localhost-startStop-1] org.apache.catalina.startup.HostConfig.deployDirectory Deployment of web application directory [C:\xampp\tomcat\webapps\host-manager] has finished in [14] ms
14-May-2026 13:31:43.638 INFO [localhost-startStop-1] org.apache.catalina.startup.HostConfig.deployDirectory Deploying web application directory [C:\xampp\tomcat\webapps\manager]
14-May-2026 13:31:43.651 INFO [localhost-startStop-1] org.apache.catalina.startup.HostConfig.deployDirectory Deployment of web application directory [C:\xampp\tomcat\webapps\manager] has finished in [13] ms
14-May-2026 13:31:43.651 INFO [localhost-startStop-1] org.apache.catalina.startup.HostConfig.deployDirectory Deploying web application directory [C:\xampp\tomcat\webapps\ROOT]
14-May-2026 13:31:43.660 INFO [localhost-startStop-1] org.apache.catalina.startup.HostConfig.deployDirectory Deployment of web application directory [C:\xampp\tomcat\webapps\ROOT] has finished in [9] ms
14-May-2026 13:31:43.663 INFO [main] org.apache.catalina.startup.Catalina.start Server startup in 638 ms
14-May-2026 13:31:43.666 SEVERE [main] org.apache.catalina.core.StandardServer.await Failed to create server shutdown socket on address [localhost] and port [8005] (base port [8005] and offset [0])
	java.net.BindException: Address already in use: JVM_Bind
		at java.net.DualStackPlainSocketImpl.bind0(Native Method)
		at java.net.DualStackPlainSocketImpl.socketBind(Unknown Source)
		at java.net.AbstractPlainSocketImpl.bind(Unknown Source)
		at java.net.PlainSocketImpl.bind(Unknown Source)
		at java.net.ServerSocket.bind(Unknown Source)
		at java.net.ServerSocket.<init>(Unknown Source)
		at org.apache.catalina.core.StandardServer.await(StandardServer.java:444)
		at org.apache.catalina.startup.Catalina.await(Catalina.java:783)
		at org.apache.catalina.startup.Catalina.start(Catalina.java:729)
		at sun.reflect.NativeMethodAccessorImpl.invoke0(Native Method)
		at sun.reflect.NativeMethodAccessorImpl.invoke(Unknown Source)
		at sun.reflect.DelegatingMethodAccessorImpl.invoke(Unknown Source)
		at java.lang.reflect.Method.invoke(Unknown Source)
		at org.apache.catalina.startup.Bootstrap.start(Bootstrap.java:347)
		at org.apache.catalina.startup.Bootstrap.main(Bootstrap.java:478)
14-May-2026 13:31:43.666 INFO [main] org.apache.coyote.AbstractProtocol.pause Pausing ProtocolHandler ["http-nio-8080"]
14-May-2026 13:31:43.666 INFO [main] org.apache.catalina.core.StandardService.stopInternal Stopping service [Catalina]
14-May-2026 13:31:43.676 INFO [main] org.apache.coyote.AbstractProtocol.stop Stopping ProtocolHandler ["http-nio-8080"]
14-May-2026 13:31:43.677 INFO [main] org.apache.coyote.AbstractProtocol.destroy Destroying ProtocolHandler ["http-nio-8080"]
14-May-2026 13:45:56.231 SEVERE [main] org.apache.catalina.startup.Catalina.stopServer Could not contact [localhost:8006] (base port [8006] and offset [0]). Tomcat may not be running.
14-May-2026 13:46:03.021 SEVERE [main] org.apache.catalina.startup.Catalina.stopServer Could not contact [localhost:8006] (base port [8006] and offset [0]). Tomcat may not be running.
14-May-2026 13:46:21.345 SEVERE [main] org.apache.catalina.startup.Catalina.stopServer Could not contact [localhost:8006] (base port [8006] and offset [0]). Tomcat may not be running.
14-May-2026 13:46:37.134 SEVERE [main] org.apache.catalina.startup.Catalina.stopServer Could not contact [localhost:8006] (base port [8006] and offset [0]). Tomcat may not be running.
14-May-2026 13:51:24.495 INFO [main] org.apache.catalina.startup.VersionLoggerListener.log Server version name:   Apache Tomcat/8.5.96
14-May-2026 13:51:24.496 INFO [main] org.apache.catalina.startup.VersionLoggerListener.log Server built:          Nov 10 2023 14:56:59 UTC
14-May-2026 13:51:24.497 INFO [main] org.apache.catalina.startup.VersionLoggerListener.log Server version number: 8.5.96.0
14-May-2026 13:51:24.497 INFO [main] org.apache.catalina.startup.VersionLoggerListener.log OS Name:               Windows 10
14-May-2026 13:51:24.497 INFO [main] org.apache.catalina.startup.VersionLoggerListener.log OS Version:            10.0
14-May-2026 13:51:24.497 INFO [main] org.apache.catalina.startup.VersionLoggerListener.log Architecture:          amd64
14-May-2026 13:51:24.497 INFO [main] org.apache.catalina.startup.VersionLoggerListener.log Java Home:             C:\Program Files\Java\jre1.8.0_251
14-May-2026 13:51:24.497 INFO [main] org.apache.catalina.startup.VersionLoggerListener.log JVM Version:           1.8.0_251-b08
14-May-2026 13:51:24.497 INFO [main] org.apache.catalina.startup.VersionLoggerListener.log JVM Vendor:            Oracle Corporation
14-May-2026 13:51:24.498 INFO [main] org.apache.catalina.startup.VersionLoggerListener.log CATALINA_BASE:         C:\xampp\tomcat
14-May-2026 13:51:24.498 INFO [main] org.apache.catalina.startup.VersionLoggerListener.log CATALINA_HOME:         C:\xampp\tomcat
14-May-2026 13:51:24.498 INFO [main] org.apache.catalina.startup.VersionLoggerListener.log Command line argument: -Djava.util.logging.config.file=c:\xampp\tomcat\conf\logging.properties
14-May-2026 13:51:24.498 INFO [main] org.apache.catalina.startup.VersionLoggerListener.log Command line argument: -Djava.util.logging.manager=org.apache.juli.ClassLoaderLogManager
14-May-2026 13:51:24.498 INFO [main] org.apache.catalina.startup.VersionLoggerListener.log Command line argument: -Djdk.tls.ephemeralDHKeySize=2048
14-May-2026 13:51:24.499 INFO [main] org.apache.catalina.startup.VersionLoggerListener.log Command line argument: -Djava.protocol.handler.pkgs=org.apache.catalina.webresources
14-May-2026 13:51:24.499 INFO [main] org.apache.catalina.startup.VersionLoggerListener.log Command line argument: -Dignore.endorsed.dirs=
14-May-2026 13:51:24.499 INFO [main] org.apache.catalina.startup.VersionLoggerListener.log Command line argument: -Dcatalina.base=c:\xampp\tomcat
14-May-2026 13:51:24.499 INFO [main] org.apache.catalina.startup.VersionLoggerListener.log Command line argument: -Dcatalina.home=c:\xampp\tomcat
14-May-2026 13:51:24.499 INFO [main] org.apache.catalina.startup.VersionLoggerListener.log Command line argument: -Djava.io.tmpdir=c:\xampp\tomcat\temp
14-May-2026 13:51:24.499 INFO [main] org.apache.catalina.core.AprLifecycleListener.lifecycleEvent The Apache Tomcat Native library which allows using OpenSSL was not found on the java.library.path: [C:\Program Files\Java\jre1.8.0_251\bin;C:\WINDOWS\Sun\Java\bin;C:\WINDOWS\system32;C:\WINDOWS;C:\Program Files\Eclipse Adoptium\jdk-25.0.3.9-hotspot\bin;C:\Program Files (x86)\Common Files\Oracle\Java\javapath;C:\Windows\system32;C:\Windows;C:\Windows\System32\Wbem;C:\Windows\System32\WindowsPowerShell\v1.0\;C:\Windows\System32\OpenSSH\;C:\Program Files (x86)\NVIDIA Corporation\PhysX\Common;C:\WINDOWS\system32;C:\WINDOWS;C:\WINDOWS\System32\Wbem;C:\WINDOWS\System32\WindowsPowerShell\v1.0\;C:\WINDOWS\System32\OpenSSH\;C:\Program Files\NVIDIA Corporation\NVIDIA app\NvDLISR;C:\Program Files\dotnet\;C:\Program Files (x86)\Windows Kits\10\Windows Performance Toolkit\;C:\Program Files\Git\cmd;C:\Program Files\Cloudflare\Cloudflare WARP\;apache-maven-3.9.15\bin;C:\Program Files\apache-maven-3.9.15;c:\Users\Acer\AppData\Roaming\Code\User\globalStorage\github.copilot-chat\debugCommand;c:\Users\Acer\AppData\Roaming\Code\User\globalStorage\github.copilot-chat\copilotCli;C:\Users\Acer\AppData\Local\Programs\Microsoft VS Code;C:\Program Files (x86)\Common Files\Oracle\Java\javapath;C:\Windows\system32;C:\Windows;C:\Windows\System32\Wbem;C:\Windows\System32\WindowsPowerShell\v1.0\;C:\Windows\System32\OpenSSH\;C:\Program Files (x86)\NVIDIA Corporation\PhysX\Common;C:\WINDOWS\system32;C:\WINDOWS;C:\WINDOWS\System32\Wbem;C:\WINDOWS\System32\WindowsPowerShell\v1.0\;C:\WINDOWS\System32\OpenSSH\;C:\Program Files\NVIDIA Corporation\NVIDIA app\NvDLISR;C:\Program Files\dotnet\;C:\Program Files (x86)\Windows Kits\10\Windows Performance Toolkit\;C:\Program Files\Git\cmd;C:\Program Files\Cloudflare\Cloudflare WARP\;apache-maven-3.9.15\bin;C:\Program Files\apache-maven-3.9.15;C:\Users\Acer\AppData\Local\Microsoft\WindowsApps;C:\Users\Acer\AppData\Local\Programs\Microsoft VS Code\bin;c:\Users\Acer\.vscode\extensions\vscjav;C:\Program Files\Eclipse Adoptium\jdk-25.0.3.9-hotspot\bin;C:\Program Files\Eclipse Adoptium\jdk-25.0.3.9-hotspot\bin;.]
14-May-2026 13:51:24.564 INFO [main] org.apache.coyote.AbstractProtocol.init Initializing ProtocolHandler ["http-nio-8081"]
14-May-2026 13:51:24.574 INFO [main] org.apache.catalina.startup.Catalina.load Initialization processed in 277 ms
14-May-2026 13:51:24.588 INFO [main] org.apache.catalina.core.StandardService.startInternal Starting service [Catalina]
14-May-2026 13:51:24.589 INFO [main] org.apache.catalina.core.StandardEngine.startInternal Starting Servlet engine: [Apache Tomcat/8.5.96]
14-May-2026 13:51:24.594 INFO [localhost-startStop-1] org.apache.catalina.startup.HostConfig.deployDirectory Deploying web application directory [C:\xampp\tomcat\webapps\blogphim]
14-May-2026 13:51:24.896 INFO [localhost-startStop-1] org.apache.jasper.servlet.TldScanner.scanJars At least one JAR was scanned for TLDs yet contained no TLDs. Enable debug logging for this logger for a complete list of JARs that were scanned but no TLDs were found in them. Skipping unneeded JARs during scanning can improve startup time and JSP compilation time.
14-May-2026 13:51:25.005 INFO [localhost-startStop-1] org.apache.catalina.startup.HostConfig.deployDirectory Deployment of web application directory [C:\xampp\tomcat\webapps\blogphim] has finished in [410] ms
14-May-2026 13:51:25.005 INFO [localhost-startStop-1] org.apache.catalina.startup.HostConfig.deployDirectory Deploying web application directory [C:\xampp\tomcat\webapps\docs]
14-May-2026 13:51:25.018 INFO [localhost-startStop-1] org.apache.catalina.startup.HostConfig.deployDirectory Deployment of web application directory [C:\xampp\tomcat\webapps\docs] has finished in [13] ms
14-May-2026 13:51:25.018 INFO [localhost-startStop-1] org.apache.catalina.startup.HostConfig.deployDirectory Deploying web application directory [C:\xampp\tomcat\webapps\examples]
14-May-2026 13:51:25.151 INFO [localhost-startStop-1] org.apache.catalina.startup.HostConfig.deployDirectory Deployment of web application directory [C:\xampp\tomcat\webapps\examples] has finished in [133] ms
14-May-2026 13:51:25.151 INFO [localhost-startStop-1] org.apache.catalina.startup.HostConfig.deployDirectory Deploying web application directory [C:\xampp\tomcat\webapps\host-manager]
14-May-2026 13:51:25.166 INFO [localhost-startStop-1] org.apache.catalina.startup.HostConfig.deployDirectory Deployment of web application directory [C:\xampp\tomcat\webapps\host-manager] has finished in [14] ms
14-May-2026 13:51:25.166 INFO [localhost-startStop-1] org.apache.catalina.startup.HostConfig.deployDirectory Deploying web application directory [C:\xampp\tomcat\webapps\manager]
14-May-2026 13:51:25.177 INFO [localhost-startStop-1] org.apache.catalina.startup.HostConfig.deployDirectory Deployment of web application directory [C:\xampp\tomcat\webapps\manager] has finished in [11] ms
14-May-2026 13:51:25.177 INFO [localhost-startStop-1] org.apache.catalina.startup.HostConfig.deployDirectory Deploying web application directory [C:\xampp\tomcat\webapps\ROOT]
14-May-2026 13:51:25.185 INFO [localhost-startStop-1] org.apache.catalina.startup.HostConfig.deployDirectory Deployment of web application directory [C:\xampp\tomcat\webapps\ROOT] has finished in [8] ms
14-May-2026 13:51:25.195 INFO [main] org.apache.coyote.AbstractProtocol.start Starting ProtocolHandler ["http-nio-8081"]
14-May-2026 13:51:25.229 INFO [main] org.apache.catalina.startup.Catalina.start Server startup in 654 ms
14-May-2026 13:51:55.363 INFO [main] org.apache.catalina.startup.VersionLoggerListener.log Server version name:   Apache Tomcat/8.5.96
14-May-2026 13:51:55.365 INFO [main] org.apache.catalina.startup.VersionLoggerListener.log Server built:          Nov 10 2023 14:56:59 UTC
14-May-2026 13:51:55.365 INFO [main] org.apache.catalina.startup.VersionLoggerListener.log Server version number: 8.5.96.0
14-May-2026 13:51:55.365 INFO [main] org.apache.catalina.startup.VersionLoggerListener.log OS Name:               Windows 10
14-May-2026 13:51:55.365 INFO [main] org.apache.catalina.startup.VersionLoggerListener.log OS Version:            10.0
14-May-2026 13:51:55.365 INFO [main] org.apache.catalina.startup.VersionLoggerListener.log Architecture:          amd64
14-May-2026 13:51:55.365 INFO [main] org.apache.catalina.startup.VersionLoggerListener.log Java Home:             C:\Program Files\Java\jre1.8.0_251
14-May-2026 13:51:55.366 INFO [main] org.apache.catalina.startup.VersionLoggerListener.log JVM Version:           1.8.0_251-b08
14-May-2026 13:51:55.366 INFO [main] org.apache.catalina.startup.VersionLoggerListener.log JVM Vendor:            Oracle Corporation
14-May-2026 13:51:55.366 INFO [main] org.apache.catalina.startup.VersionLoggerListener.log CATALINA_BASE:         C:\xampp\tomcat
14-May-2026 13:51:55.366 INFO [main] org.apache.catalina.startup.VersionLoggerListener.log CATALINA_HOME:         C:\xampp\tomcat
14-May-2026 13:51:55.366 INFO [main] org.apache.catalina.startup.VersionLoggerListener.log Command line argument: -Djava.util.logging.config.file=c:\xampp\tomcat\conf\logging.properties
14-May-2026 13:51:55.366 INFO [main] org.apache.catalina.startup.VersionLoggerListener.log Command line argument: -Djava.util.logging.manager=org.apache.juli.ClassLoaderLogManager
14-May-2026 13:51:55.366 INFO [main] org.apache.catalina.startup.VersionLoggerListener.log Command line argument: -Djdk.tls.ephemeralDHKeySize=2048
14-May-2026 13:51:55.367 INFO [main] org.apache.catalina.startup.VersionLoggerListener.log Command line argument: -Djava.protocol.handler.pkgs=org.apache.catalina.webresources
14-May-2026 13:51:55.367 INFO [main] org.apache.catalina.startup.VersionLoggerListener.log Command line argument: -Dignore.endorsed.dirs=
14-May-2026 13:51:55.367 INFO [main] org.apache.catalina.startup.VersionLoggerListener.log Command line argument: -Dcatalina.base=c:\xampp\tomcat
14-May-2026 13:51:55.367 INFO [main] org.apache.catalina.startup.VersionLoggerListener.log Command line argument: -Dcatalina.home=c:\xampp\tomcat
14-May-2026 13:51:55.367 INFO [main] org.apache.catalina.startup.VersionLoggerListener.log Command line argument: -Djava.io.tmpdir=c:\xampp\tomcat\temp
14-May-2026 13:51:55.367 INFO [main] org.apache.catalina.core.AprLifecycleListener.lifecycleEvent The Apache Tomcat Native library which allows using OpenSSL was not found on the java.library.path: [C:\Program Files\Java\jre1.8.0_251\bin;C:\WINDOWS\Sun\Java\bin;C:\WINDOWS\system32;C:\WINDOWS;C:\Program Files\Eclipse Adoptium\jdk-25.0.3.9-hotspot\bin;C:\Program Files (x86)\Common Files\Oracle\Java\javapath;C:\Windows\system32;C:\Windows;C:\Windows\System32\Wbem;C:\Windows\System32\WindowsPowerShell\v1.0\;C:\Windows\System32\OpenSSH\;C:\Program Files (x86)\NVIDIA Corporation\PhysX\Common;C:\WINDOWS\system32;C:\WINDOWS;C:\WINDOWS\System32\Wbem;C:\WINDOWS\System32\WindowsPowerShell\v1.0\;C:\WINDOWS\System32\OpenSSH\;C:\Program Files\NVIDIA Corporation\NVIDIA app\NvDLISR;C:\Program Files\dotnet\;C:\Program Files (x86)\Windows Kits\10\Windows Performance Toolkit\;C:\Program Files\Git\cmd;C:\Program Files\Cloudflare\Cloudflare WARP\;apache-maven-3.9.15\bin;C:\Program Files\apache-maven-3.9.15;c:\Users\Acer\AppData\Roaming\Code\User\globalStorage\github.copilot-chat\debugCommand;c:\Users\Acer\AppData\Roaming\Code\User\globalStorage\github.copilot-chat\copilotCli;C:\Users\Acer\AppData\Local\Programs\Microsoft VS Code;C:\Program Files (x86)\Common Files\Oracle\Java\javapath;C:\Windows\system32;C:\Windows;C:\Windows\System32\Wbem;C:\Windows\System32\WindowsPowerShell\v1.0\;C:\Windows\System32\OpenSSH\;C:\Program Files (x86)\NVIDIA Corporation\PhysX\Common;C:\WINDOWS\system32;C:\WINDOWS;C:\WINDOWS\System32\Wbem;C:\WINDOWS\System32\WindowsPowerShell\v1.0\;C:\WINDOWS\System32\OpenSSH\;C:\Program Files\NVIDIA Corporation\NVIDIA app\NvDLISR;C:\Program Files\dotnet\;C:\Program Files (x86)\Windows Kits\10\Windows Performance Toolkit\;C:\Program Files\Git\cmd;C:\Program Files\Cloudflare\Cloudflare WARP\;apache-maven-3.9.15\bin;C:\Program Files\apache-maven-3.9.15;C:\Users\Acer\AppData\Local\Microsoft\WindowsApps;C:\Users\Acer\AppData\Local\Programs\Microsoft VS Code\bin;c:\Users\Acer\.vscode\extensions\vscjav;C:\Program Files\Eclipse Adoptium\jdk-25.0.3.9-hotspot\bin;C:\Program Files\Eclipse Adoptium\jdk-25.0.3.9-hotspot\bin;.]
14-May-2026 13:51:55.431 INFO [main] org.apache.coyote.AbstractProtocol.init Initializing ProtocolHandler ["http-nio-8081"]
14-May-2026 13:51:55.438 SEVERE [main] org.apache.catalina.core.StandardService.initInternal Failed to initialize connector [Connector["http-nio-8081"]]
	org.apache.catalina.LifecycleException: Protocol handler initialization failed
		at org.apache.catalina.connector.Connector.initInternal(Connector.java:1075)
		at org.apache.catalina.util.LifecycleBase.init(LifecycleBase.java:127)
		at org.apache.catalina.core.StandardService.initInternal(StandardService.java:564)
		at org.apache.catalina.util.LifecycleBase.init(LifecycleBase.java:127)
		at org.apache.catalina.core.StandardServer.initInternal(StandardServer.java:854)
		at org.apache.catalina.util.LifecycleBase.init(LifecycleBase.java:127)
		at org.apache.catalina.startup.Catalina.load(Catalina.java:646)
		at org.apache.catalina.startup.Catalina.load(Catalina.java:669)
		at sun.reflect.NativeMethodAccessorImpl.invoke0(Native Method)
		at sun.reflect.NativeMethodAccessorImpl.invoke(Unknown Source)
		at sun.reflect.DelegatingMethodAccessorImpl.invoke(Unknown Source)
		at java.lang.reflect.Method.invoke(Unknown Source)
		at org.apache.catalina.startup.Bootstrap.load(Bootstrap.java:307)
		at org.apache.catalina.startup.Bootstrap.main(Bootstrap.java:477)
	Caused by: java.net.BindException: Address already in use: bind
		at sun.nio.ch.Net.bind0(Native Method)
		at sun.nio.ch.Net.bind(Unknown Source)
		at sun.nio.ch.Net.bind(Unknown Source)
		at sun.nio.ch.ServerSocketChannelImpl.bind(Unknown Source)
		at sun.nio.ch.ServerSocketAdaptor.bind(Unknown Source)
		at org.apache.tomcat.util.net.NioEndpoint.initServerSocket(NioEndpoint.java:226)
		at org.apache.tomcat.util.net.NioEndpoint.bind(NioEndpoint.java:202)
		at org.apache.tomcat.util.net.AbstractEndpoint.bindWithCleanup(AbstractEndpoint.java:1326)
		at org.apache.tomcat.util.net.AbstractEndpoint.init(AbstractEndpoint.java:1339)
		at org.apache.tomcat.util.net.AbstractJsseEndpoint.init(AbstractJsseEndpoint.java:231)
		at org.apache.coyote.AbstractProtocol.init(AbstractProtocol.java:695)
		at org.apache.coyote.http11.AbstractHttp11Protocol.init(AbstractHttp11Protocol.java:76)
		at org.apache.catalina.connector.Connector.initInternal(Connector.java:1073)
		... 13 more
14-May-2026 13:51:55.439 INFO [main] org.apache.catalina.startup.Catalina.load Initialization processed in 270 ms
14-May-2026 13:51:55.452 INFO [main] org.apache.catalina.core.StandardService.startInternal Starting service [Catalina]
14-May-2026 13:51:55.452 INFO [main] org.apache.catalina.core.StandardEngine.startInternal Starting Servlet engine: [Apache Tomcat/8.5.96]
14-May-2026 13:51:55.458 INFO [localhost-startStop-1] org.apache.catalina.startup.HostConfig.deployDirectory Deploying web application directory [C:\xampp\tomcat\webapps\blogphim]
14-May-2026 13:51:55.753 INFO [localhost-startStop-1] org.apache.jasper.servlet.TldScanner.scanJars At least one JAR was scanned for TLDs yet contained no TLDs. Enable debug logging for this logger for a complete list of JARs that were scanned but no TLDs were found in them. Skipping unneeded JARs during scanning can improve startup time and JSP compilation time.
14-May-2026 13:51:55.858 INFO [localhost-startStop-1] org.apache.catalina.startup.HostConfig.deployDirectory Deployment of web application directory [C:\xampp\tomcat\webapps\blogphim] has finished in [400] ms
14-May-2026 13:51:55.858 INFO [localhost-startStop-1] org.apache.catalina.startup.HostConfig.deployDirectory Deploying web application directory [C:\xampp\tomcat\webapps\docs]
14-May-2026 13:51:55.871 INFO [localhost-startStop-1] org.apache.catalina.startup.HostConfig.deployDirectory Deployment of web application directory [C:\xampp\tomcat\webapps\docs] has finished in [13] ms
14-May-2026 13:51:55.871 INFO [localhost-startStop-1] org.apache.catalina.startup.HostConfig.deployDirectory Deploying web application directory [C:\xampp\tomcat\webapps\examples]
14-May-2026 13:51:56.005 INFO [localhost-startStop-1] org.apache.catalina.startup.HostConfig.deployDirectory Deployment of web application directory [C:\xampp\tomcat\webapps\examples] has finished in [134] ms
14-May-2026 13:51:56.005 INFO [localhost-startStop-1] org.apache.catalina.startup.HostConfig.deployDirectory Deploying web application directory [C:\xampp\tomcat\webapps\host-manager]
14-May-2026 13:51:56.019 INFO [localhost-startStop-1] org.apache.catalina.startup.HostConfig.deployDirectory Deployment of web application directory [C:\xampp\tomcat\webapps\host-manager] has finished in [14] ms
14-May-2026 13:51:56.019 INFO [localhost-startStop-1] org.apache.catalina.startup.HostConfig.deployDirectory Deploying web application directory [C:\xampp\tomcat\webapps\manager]
14-May-2026 13:51:56.031 INFO [localhost-startStop-1] org.apache.catalina.startup.HostConfig.deployDirectory Deployment of web application directory [C:\xampp\tomcat\webapps\manager] has finished in [12] ms
14-May-2026 13:51:56.031 INFO [localhost-startStop-1] org.apache.catalina.startup.HostConfig.deployDirectory Deploying web application directory [C:\xampp\tomcat\webapps\ROOT]
14-May-2026 13:51:56.040 INFO [localhost-startStop-1] org.apache.catalina.startup.HostConfig.deployDirectory Deployment of web application directory [C:\xampp\tomcat\webapps\ROOT] has finished in [9] ms
14-May-2026 13:51:56.041 INFO [main] org.apache.catalina.startup.Catalina.start Server startup in 602 ms
14-May-2026 13:51:56.044 SEVERE [main] org.apache.catalina.core.StandardServer.await Failed to create server shutdown socket on address [localhost] and port [8006] (base port [8006] and offset [0])
	java.net.BindException: Address already in use: JVM_Bind
		at java.net.DualStackPlainSocketImpl.bind0(Native Method)
		at java.net.DualStackPlainSocketImpl.socketBind(Unknown Source)
		at java.net.AbstractPlainSocketImpl.bind(Unknown Source)
		at java.net.PlainSocketImpl.bind(Unknown Source)
		at java.net.ServerSocket.bind(Unknown Source)
		at java.net.ServerSocket.<init>(Unknown Source)
		at org.apache.catalina.core.StandardServer.await(StandardServer.java:444)
		at org.apache.catalina.startup.Catalina.await(Catalina.java:783)
		at org.apache.catalina.startup.Catalina.start(Catalina.java:729)
		at sun.reflect.NativeMethodAccessorImpl.invoke0(Native Method)
		at sun.reflect.NativeMethodAccessorImpl.invoke(Unknown Source)
		at sun.reflect.DelegatingMethodAccessorImpl.invoke(Unknown Source)
		at java.lang.reflect.Method.invoke(Unknown Source)
		at org.apache.catalina.startup.Bootstrap.start(Bootstrap.java:347)
		at org.apache.catalina.startup.Bootstrap.main(Bootstrap.java:478)
14-May-2026 13:51:56.044 INFO [main] org.apache.coyote.AbstractProtocol.pause Pausing ProtocolHandler ["http-nio-8081"]
14-May-2026 13:51:56.044 INFO [main] org.apache.catalina.core.StandardService.stopInternal Stopping service [Catalina]
14-May-2026 13:51:56.055 INFO [main] org.apache.coyote.AbstractProtocol.stop Stopping ProtocolHandler ["http-nio-8081"]
14-May-2026 13:51:56.056 INFO [main] org.apache.coyote.AbstractProtocol.destroy Destroying ProtocolHandler ["http-nio-8081"]
14-May-2026 13:52:08.533 INFO [main] org.apache.catalina.startup.VersionLoggerListener.log Server version name:   Apache Tomcat/8.5.96
14-May-2026 13:52:08.534 INFO [main] org.apache.catalina.startup.VersionLoggerListener.log Server built:          Nov 10 2023 14:56:59 UTC
14-May-2026 13:52:08.536 INFO [main] org.apache.catalina.startup.VersionLoggerListener.log Server version number: 8.5.96.0
14-May-2026 13:52:08.536 INFO [main] org.apache.catalina.startup.VersionLoggerListener.log OS Name:               Windows 10
14-May-2026 13:52:08.536 INFO [main] org.apache.catalina.startup.VersionLoggerListener.log OS Version:            10.0
14-May-2026 13:52:08.536 INFO [main] org.apache.catalina.startup.VersionLoggerListener.log Architecture:          amd64
14-May-2026 13:52:08.536 INFO [main] org.apache.catalina.startup.VersionLoggerListener.log Java Home:             C:\Program Files\Java\jre1.8.0_251
14-May-2026 13:52:08.536 INFO [main] org.apache.catalina.startup.VersionLoggerListener.log JVM Version:           1.8.0_251-b08
14-May-2026 13:52:08.536 INFO [main] org.apache.catalina.startup.VersionLoggerListener.log JVM Vendor:            Oracle Corporation
14-May-2026 13:52:08.537 INFO [main] org.apache.catalina.startup.VersionLoggerListener.log CATALINA_BASE:         C:\xampp\tomcat
14-May-2026 13:52:08.537 INFO [main] org.apache.catalina.startup.VersionLoggerListener.log CATALINA_HOME:         C:\xampp\tomcat
14-May-2026 13:52:08.537 INFO [main] org.apache.catalina.startup.VersionLoggerListener.log Command line argument: -Djava.util.logging.config.file=c:\xampp\tomcat\conf\logging.properties
14-May-2026 13:52:08.537 INFO [main] org.apache.catalina.startup.VersionLoggerListener.log Command line argument: -Djava.util.logging.manager=org.apache.juli.ClassLoaderLogManager
14-May-2026 13:52:08.537 INFO [main] org.apache.catalina.startup.VersionLoggerListener.log Command line argument: -Djdk.tls.ephemeralDHKeySize=2048
14-May-2026 13:52:08.538 INFO [main] org.apache.catalina.startup.VersionLoggerListener.log Command line argument: -Djava.protocol.handler.pkgs=org.apache.catalina.webresources
14-May-2026 13:52:08.538 INFO [main] org.apache.catalina.startup.VersionLoggerListener.log Command line argument: -Dignore.endorsed.dirs=
14-May-2026 13:52:08.538 INFO [main] org.apache.catalina.startup.VersionLoggerListener.log Command line argument: -Dcatalina.base=c:\xampp\tomcat
14-May-2026 13:52:08.538 INFO [main] org.apache.catalina.startup.VersionLoggerListener.log Command line argument: -Dcatalina.home=c:\xampp\tomcat
14-May-2026 13:52:08.539 INFO [main] org.apache.catalina.startup.VersionLoggerListener.log Command line argument: -Djava.io.tmpdir=c:\xampp\tomcat\temp
14-May-2026 13:52:08.539 INFO [main] org.apache.catalina.core.AprLifecycleListener.lifecycleEvent The Apache Tomcat Native library which allows using OpenSSL was not found on the java.library.path: [C:\Program Files\Java\jre1.8.0_251\bin;C:\WINDOWS\Sun\Java\bin;C:\WINDOWS\system32;C:\WINDOWS;C:\Program Files\Eclipse Adoptium\jdk-25.0.3.9-hotspot\bin;C:\Program Files (x86)\Common Files\Oracle\Java\javapath;C:\Windows\system32;C:\Windows;C:\Windows\System32\Wbem;C:\Windows\System32\WindowsPowerShell\v1.0\;C:\Windows\System32\OpenSSH\;C:\Program Files (x86)\NVIDIA Corporation\PhysX\Common;C:\WINDOWS\system32;C:\WINDOWS;C:\WINDOWS\System32\Wbem;C:\WINDOWS\System32\WindowsPowerShell\v1.0\;C:\WINDOWS\System32\OpenSSH\;C:\Program Files\NVIDIA Corporation\NVIDIA app\NvDLISR;C:\Program Files\dotnet\;C:\Program Files (x86)\Windows Kits\10\Windows Performance Toolkit\;C:\Program Files\Git\cmd;C:\Program Files\Cloudflare\Cloudflare WARP\;apache-maven-3.9.15\bin;C:\Program Files\apache-maven-3.9.15;c:\Users\Acer\AppData\Roaming\Code\User\globalStorage\github.copilot-chat\debugCommand;c:\Users\Acer\AppData\Roaming\Code\User\globalStorage\github.copilot-chat\copilotCli;C:\Users\Acer\AppData\Local\Programs\Microsoft VS Code;C:\Program Files (x86)\Common Files\Oracle\Java\javapath;C:\Windows\system32;C:\Windows;C:\Windows\System32\Wbem;C:\Windows\System32\WindowsPowerShell\v1.0\;C:\Windows\System32\OpenSSH\;C:\Program Files (x86)\NVIDIA Corporation\PhysX\Common;C:\WINDOWS\system32;C:\WINDOWS;C:\WINDOWS\System32\Wbem;C:\WINDOWS\System32\WindowsPowerShell\v1.0\;C:\WINDOWS\System32\OpenSSH\;C:\Program Files\NVIDIA Corporation\NVIDIA app\NvDLISR;C:\Program Files\dotnet\;C:\Program Files (x86)\Windows Kits\10\Windows Performance Toolkit\;C:\Program Files\Git\cmd;C:\Program Files\Cloudflare\Cloudflare WARP\;apache-maven-3.9.15\bin;C:\Program Files\apache-maven-3.9.15;C:\Users\Acer\AppData\Local\Microsoft\WindowsApps;C:\Users\Acer\AppData\Local\Programs\Microsoft VS Code\bin;c:\Users\Acer\.vscode\extensions\vscjav;C:\Program Files\Eclipse Adoptium\jdk-25.0.3.9-hotspot\bin;C:\Program Files\Eclipse Adoptium\jdk-25.0.3.9-hotspot\bin;.]
14-May-2026 13:52:08.603 INFO [main] org.apache.coyote.AbstractProtocol.init Initializing ProtocolHandler ["http-nio-8081"]
14-May-2026 13:52:08.615 INFO [main] org.apache.catalina.startup.Catalina.load Initialization processed in 279 ms
14-May-2026 13:52:08.629 INFO [main] org.apache.catalina.core.StandardService.startInternal Starting service [Catalina]
14-May-2026 13:52:08.629 INFO [main] org.apache.catalina.core.StandardEngine.startInternal Starting Servlet engine: [Apache Tomcat/8.5.96]
14-May-2026 13:52:08.636 INFO [localhost-startStop-1] org.apache.catalina.startup.HostConfig.deployDirectory Deploying web application directory [C:\xampp\tomcat\webapps\blogphim]
14-May-2026 13:52:08.950 INFO [localhost-startStop-1] org.apache.jasper.servlet.TldScanner.scanJars At least one JAR was scanned for TLDs yet contained no TLDs. Enable debug logging for this logger for a complete list of JARs that were scanned but no TLDs were found in them. Skipping unneeded JARs during scanning can improve startup time and JSP compilation time.
14-May-2026 13:52:09.070 INFO [localhost-startStop-1] org.apache.catalina.startup.HostConfig.deployDirectory Deployment of web application directory [C:\xampp\tomcat\webapps\blogphim] has finished in [434] ms
14-May-2026 13:52:09.070 INFO [localhost-startStop-1] org.apache.catalina.startup.HostConfig.deployDirectory Deploying web application directory [C:\xampp\tomcat\webapps\docs]
14-May-2026 13:52:09.084 INFO [localhost-startStop-1] org.apache.catalina.startup.HostConfig.deployDirectory Deployment of web application directory [C:\xampp\tomcat\webapps\docs] has finished in [14] ms
14-May-2026 13:52:09.084 INFO [localhost-startStop-1] org.apache.catalina.startup.HostConfig.deployDirectory Deploying web application directory [C:\xampp\tomcat\webapps\examples]
14-May-2026 13:52:09.236 INFO [localhost-startStop-1] org.apache.catalina.startup.HostConfig.deployDirectory Deployment of web application directory [C:\xampp\tomcat\webapps\examples] has finished in [152] ms
14-May-2026 13:52:09.237 INFO [localhost-startStop-1] org.apache.catalina.startup.HostConfig.deployDirectory Deploying web application directory [C:\xampp\tomcat\webapps\host-manager]
14-May-2026 13:52:09.251 INFO [localhost-startStop-1] org.apache.catalina.startup.HostConfig.deployDirectory Deployment of web application directory [C:\xampp\tomcat\webapps\host-manager] has finished in [13] ms
14-May-2026 13:52:09.251 INFO [localhost-startStop-1] org.apache.catalina.startup.HostConfig.deployDirectory Deploying web application directory [C:\xampp\tomcat\webapps\manager]
14-May-2026 13:52:09.266 INFO [localhost-startStop-1] org.apache.catalina.startup.HostConfig.deployDirectory Deployment of web application directory [C:\xampp\tomcat\webapps\manager] has finished in [14] ms
14-May-2026 13:52:09.266 INFO [localhost-startStop-1] org.apache.catalina.startup.HostConfig.deployDirectory Deploying web application directory [C:\xampp\tomcat\webapps\ROOT]
14-May-2026 13:52:09.276 INFO [localhost-startStop-1] org.apache.catalina.startup.HostConfig.deployDirectory Deployment of web application directory [C:\xampp\tomcat\webapps\ROOT] has finished in [10] ms
14-May-2026 13:52:09.286 INFO [main] org.apache.coyote.AbstractProtocol.start Starting ProtocolHandler ["http-nio-8081"]
14-May-2026 13:52:09.321 INFO [main] org.apache.catalina.startup.Catalina.start Server startup in 706 ms
14-May-2026 13:57:08.008 INFO [main] org.apache.catalina.startup.VersionLoggerListener.log Server version name:   Apache Tomcat/8.5.96
14-May-2026 13:57:08.010 INFO [main] org.apache.catalina.startup.VersionLoggerListener.log Server built:          Nov 10 2023 14:56:59 UTC
14-May-2026 13:57:08.010 INFO [main] org.apache.catalina.startup.VersionLoggerListener.log Server version number: 8.5.96.0
14-May-2026 13:57:08.010 INFO [main] org.apache.catalina.startup.VersionLoggerListener.log OS Name:               Windows 10
14-May-2026 13:57:08.010 INFO [main] org.apache.catalina.startup.VersionLoggerListener.log OS Version:            10.0
14-May-2026 13:57:08.010 INFO [main] org.apache.catalina.startup.VersionLoggerListener.log Architecture:          amd64
14-May-2026 13:57:08.010 INFO [main] org.apache.catalina.startup.VersionLoggerListener.log Java Home:             C:\Program Files\Java\jre1.8.0_251
14-May-2026 13:57:08.011 INFO [main] org.apache.catalina.startup.VersionLoggerListener.log JVM Version:           1.8.0_251-b08
14-May-2026 13:57:08.011 INFO [main] org.apache.catalina.startup.VersionLoggerListener.log JVM Vendor:            Oracle Corporation
14-May-2026 13:57:08.011 INFO [main] org.apache.catalina.startup.VersionLoggerListener.log CATALINA_BASE:         C:\xampp\tomcat
14-May-2026 13:57:08.011 INFO [main] org.apache.catalina.startup.VersionLoggerListener.log CATALINA_HOME:         C:\xampp\tomcat
14-May-2026 13:57:08.011 INFO [main] org.apache.catalina.startup.VersionLoggerListener.log Command line argument: -Djava.util.logging.config.file=c:\xampp\tomcat\conf\logging.properties
14-May-2026 13:57:08.011 INFO [main] org.apache.catalina.startup.VersionLoggerListener.log Command line argument: -Djava.util.logging.manager=org.apache.juli.ClassLoaderLogManager
14-May-2026 13:57:08.011 INFO [main] org.apache.catalina.startup.VersionLoggerListener.log Command line argument: -Djdk.tls.ephemeralDHKeySize=2048
14-May-2026 13:57:08.012 INFO [main] org.apache.catalina.startup.VersionLoggerListener.log Command line argument: -Djava.protocol.handler.pkgs=org.apache.catalina.webresources
14-May-2026 13:57:08.012 INFO [main] org.apache.catalina.startup.VersionLoggerListener.log Command line argument: -Dignore.endorsed.dirs=
14-May-2026 13:57:08.012 INFO [main] org.apache.catalina.startup.VersionLoggerListener.log Command line argument: -Dcatalina.base=c:\xampp\tomcat
14-May-2026 13:57:08.012 INFO [main] org.apache.catalina.startup.VersionLoggerListener.log Command line argument: -Dcatalina.home=c:\xampp\tomcat
14-May-2026 13:57:08.012 INFO [main] org.apache.catalina.startup.VersionLoggerListener.log Command line argument: -Djava.io.tmpdir=c:\xampp\tomcat\temp
14-May-2026 13:57:08.013 INFO [main] org.apache.catalina.core.AprLifecycleListener.lifecycleEvent The Apache Tomcat Native library which allows using OpenSSL was not found on the java.library.path: [C:\Program Files\Java\jre1.8.0_251\bin;C:\WINDOWS\Sun\Java\bin;C:\WINDOWS\system32;C:\WINDOWS;C:\Program Files\Eclipse Adoptium\jdk-25.0.3.9-hotspot\bin;C:\Program Files (x86)\Common Files\Oracle\Java\javapath;C:\Windows\system32;C:\Windows;C:\Windows\System32\Wbem;C:\Windows\System32\WindowsPowerShell\v1.0\;C:\Windows\System32\OpenSSH\;C:\Program Files (x86)\NVIDIA Corporation\PhysX\Common;C:\WINDOWS\system32;C:\WINDOWS;C:\WINDOWS\System32\Wbem;C:\WINDOWS\System32\WindowsPowerShell\v1.0\;C:\WINDOWS\System32\OpenSSH\;C:\Program Files\NVIDIA Corporation\NVIDIA app\NvDLISR;C:\Program Files\dotnet\;C:\Program Files (x86)\Windows Kits\10\Windows Performance Toolkit\;C:\Program Files\Git\cmd;C:\Program Files\Cloudflare\Cloudflare WARP\;apache-maven-3.9.15\bin;C:\Program Files\apache-maven-3.9.15;c:\Users\Acer\AppData\Roaming\Code\User\globalStorage\github.copilot-chat\debugCommand;c:\Users\Acer\AppData\Roaming\Code\User\globalStorage\github.copilot-chat\copilotCli;C:\Users\Acer\AppData\Local\Programs\Microsoft VS Code;C:\Program Files (x86)\Common Files\Oracle\Java\javapath;C:\Windows\system32;C:\Windows;C:\Windows\System32\Wbem;C:\Windows\System32\WindowsPowerShell\v1.0\;C:\Windows\System32\OpenSSH\;C:\Program Files (x86)\NVIDIA Corporation\PhysX\Common;C:\WINDOWS\system32;C:\WINDOWS;C:\WINDOWS\System32\Wbem;C:\WINDOWS\System32\WindowsPowerShell\v1.0\;C:\WINDOWS\System32\OpenSSH\;C:\Program Files\NVIDIA Corporation\NVIDIA app\NvDLISR;C:\Program Files\dotnet\;C:\Program Files (x86)\Windows Kits\10\Windows Performance Toolkit\;C:\Program Files\Git\cmd;C:\Program Files\Cloudflare\Cloudflare WARP\;apache-maven-3.9.15\bin;C:\Program Files\apache-maven-3.9.15;C:\Users\Acer\AppData\Local\Microsoft\WindowsApps;C:\Users\Acer\AppData\Local\Programs\Microsoft VS Code\bin;c:\Users\Acer\.vscode\extensions\vscjav;C:\Program Files\Eclipse Adoptium\jdk-25.0.3.9-hotspot\bin;C:\Program Files\Eclipse Adoptium\jdk-25.0.3.9-hotspot\bin;.]
14-May-2026 13:57:08.086 INFO [main] org.apache.coyote.AbstractProtocol.init Initializing ProtocolHandler ["http-nio-8081"]
14-May-2026 13:57:08.097 INFO [main] org.apache.catalina.startup.Catalina.load Initialization processed in 305 ms
14-May-2026 13:57:08.111 INFO [main] org.apache.catalina.core.StandardService.startInternal Starting service [Catalina]
14-May-2026 13:57:08.112 INFO [main] org.apache.catalina.core.StandardEngine.startInternal Starting Servlet engine: [Apache Tomcat/8.5.96]
14-May-2026 13:57:08.118 INFO [localhost-startStop-1] org.apache.catalina.startup.HostConfig.deployDirectory Deploying web application directory [C:\xampp\tomcat\webapps\blogphim]
14-May-2026 13:57:08.433 INFO [localhost-startStop-1] org.apache.jasper.servlet.TldScanner.scanJars At least one JAR was scanned for TLDs yet contained no TLDs. Enable debug logging for this logger for a complete list of JARs that were scanned but no TLDs were found in them. Skipping unneeded JARs during scanning can improve startup time and JSP compilation time.
14-May-2026 13:57:08.546 INFO [localhost-startStop-1] org.apache.catalina.startup.HostConfig.deployDirectory Deployment of web application directory [C:\xampp\tomcat\webapps\blogphim] has finished in [428] ms
14-May-2026 13:57:08.546 INFO [localhost-startStop-1] org.apache.catalina.startup.HostConfig.deployDirectory Deploying web application directory [C:\xampp\tomcat\webapps\docs]
14-May-2026 13:57:08.558 INFO [localhost-startStop-1] org.apache.catalina.startup.HostConfig.deployDirectory Deployment of web application directory [C:\xampp\tomcat\webapps\docs] has finished in [12] ms
14-May-2026 13:57:08.559 INFO [localhost-startStop-1] org.apache.catalina.startup.HostConfig.deployDirectory Deploying web application directory [C:\xampp\tomcat\webapps\examples]
14-May-2026 13:57:08.696 INFO [localhost-startStop-1] org.apache.catalina.startup.HostConfig.deployDirectory Deployment of web application directory [C:\xampp\tomcat\webapps\examples] has finished in [137] ms
14-May-2026 13:57:08.696 INFO [localhost-startStop-1] org.apache.catalina.startup.HostConfig.deployDirectory Deploying web application directory [C:\xampp\tomcat\webapps\host-manager]
14-May-2026 13:57:08.711 INFO [localhost-startStop-1] org.apache.catalina.startup.HostConfig.deployDirectory Deployment of web application directory [C:\xampp\tomcat\webapps\host-manager] has finished in [15] ms
14-May-2026 13:57:08.711 INFO [localhost-startStop-1] org.apache.catalina.startup.HostConfig.deployDirectory Deploying web application directory [C:\xampp\tomcat\webapps\manager]
14-May-2026 13:57:08.724 INFO [localhost-startStop-1] org.apache.catalina.startup.HostConfig.deployDirectory Deployment of web application directory [C:\xampp\tomcat\webapps\manager] has finished in [13] ms
14-May-2026 13:57:08.724 INFO [localhost-startStop-1] org.apache.catalina.startup.HostConfig.deployDirectory Deploying web application directory [C:\xampp\tomcat\webapps\ROOT]
14-May-2026 13:57:08.733 INFO [localhost-startStop-1] org.apache.catalina.startup.HostConfig.deployDirectory Deployment of web application directory [C:\xampp\tomcat\webapps\ROOT] has finished in [9] ms
14-May-2026 13:57:08.741 INFO [main] org.apache.coyote.AbstractProtocol.start Starting ProtocolHandler ["http-nio-8081"]
14-May-2026 13:57:08.777 INFO [main] org.apache.catalina.startup.Catalina.start Server startup in 679 ms
14-May-2026 14:17:01.429 INFO [main] org.apache.catalina.startup.VersionLoggerListener.log Server version name:   Apache Tomcat/8.5.96
14-May-2026 14:17:01.431 INFO [main] org.apache.catalina.startup.VersionLoggerListener.log Server built:          Nov 10 2023 14:56:59 UTC
14-May-2026 14:17:01.431 INFO [main] org.apache.catalina.startup.VersionLoggerListener.log Server version number: 8.5.96.0
14-May-2026 14:17:01.431 INFO [main] org.apache.catalina.startup.VersionLoggerListener.log OS Name:               Windows 10
14-May-2026 14:17:01.432 INFO [main] org.apache.catalina.startup.VersionLoggerListener.log OS Version:            10.0
14-May-2026 14:17:01.432 INFO [main] org.apache.catalina.startup.VersionLoggerListener.log Architecture:          amd64
14-May-2026 14:17:01.433 INFO [main] org.apache.catalina.startup.VersionLoggerListener.log Java Home:             C:\Program Files\Java\jre1.8.0_251
14-May-2026 14:17:01.433 INFO [main] org.apache.catalina.startup.VersionLoggerListener.log JVM Version:           1.8.0_251-b08
14-May-2026 14:17:01.433 INFO [main] org.apache.catalina.startup.VersionLoggerListener.log JVM Vendor:            Oracle Corporation
14-May-2026 14:17:01.434 INFO [main] org.apache.catalina.startup.VersionLoggerListener.log CATALINA_BASE:         C:\xampp\tomcat
14-May-2026 14:17:01.434 INFO [main] org.apache.catalina.startup.VersionLoggerListener.log CATALINA_HOME:         C:\xampp\tomcat
14-May-2026 14:17:01.434 INFO [main] org.apache.catalina.startup.VersionLoggerListener.log Command line argument: -Djava.util.logging.config.file=c:\xampp\tomcat\conf\logging.properties
14-May-2026 14:17:01.434 INFO [main] org.apache.catalina.startup.VersionLoggerListener.log Command line argument: -Djava.util.logging.manager=org.apache.juli.ClassLoaderLogManager
14-May-2026 14:17:01.434 INFO [main] org.apache.catalina.startup.VersionLoggerListener.log Command line argument: -Djdk.tls.ephemeralDHKeySize=2048
14-May-2026 14:17:01.435 INFO [main] org.apache.catalina.startup.VersionLoggerListener.log Command line argument: -Djava.protocol.handler.pkgs=org.apache.catalina.webresources
14-May-2026 14:17:01.435 INFO [main] org.apache.catalina.startup.VersionLoggerListener.log Command line argument: -Dignore.endorsed.dirs=
14-May-2026 14:17:01.435 INFO [main] org.apache.catalina.startup.VersionLoggerListener.log Command line argument: -Dcatalina.base=c:\xampp\tomcat
14-May-2026 14:17:01.436 INFO [main] org.apache.catalina.startup.VersionLoggerListener.log Command line argument: -Dcatalina.home=c:\xampp\tomcat
14-May-2026 14:17:01.436 INFO [main] org.apache.catalina.startup.VersionLoggerListener.log Command line argument: -Djava.io.tmpdir=c:\xampp\tomcat\temp
14-May-2026 14:17:01.436 INFO [main] org.apache.catalina.core.AprLifecycleListener.lifecycleEvent The Apache Tomcat Native library which allows using OpenSSL was not found on the java.library.path: [C:\Program Files\Java\jre1.8.0_251\bin;C:\WINDOWS\Sun\Java\bin;C:\WINDOWS\system32;C:\WINDOWS;C:\Program Files\Eclipse Adoptium\jdk-25.0.3.9-hotspot\bin;C:\Program Files (x86)\Common Files\Oracle\Java\javapath;C:\Windows\system32;C:\Windows;C:\Windows\System32\Wbem;C:\Windows\System32\WindowsPowerShell\v1.0\;C:\Windows\System32\OpenSSH\;C:\Program Files (x86)\NVIDIA Corporation\PhysX\Common;C:\WINDOWS\system32;C:\WINDOWS;C:\WINDOWS\System32\Wbem;C:\WINDOWS\System32\WindowsPowerShell\v1.0\;C:\WINDOWS\System32\OpenSSH\;C:\Program Files\NVIDIA Corporation\NVIDIA app\NvDLISR;C:\Program Files\dotnet\;C:\Program Files (x86)\Windows Kits\10\Windows Performance Toolkit\;C:\Program Files\Git\cmd;C:\Program Files\Cloudflare\Cloudflare WARP\;apache-maven-3.9.15\bin;C:\Program Files\apache-maven-3.9.15;c:\Users\Acer\AppData\Roaming\Code\User\globalStorage\github.copilot-chat\debugCommand;c:\Users\Acer\AppData\Roaming\Code\User\globalStorage\github.copilot-chat\copilotCli;C:\Users\Acer\AppData\Local\Programs\Microsoft VS Code;C:\Program Files (x86)\Common Files\Oracle\Java\javapath;C:\Windows\system32;C:\Windows;C:\Windows\System32\Wbem;C:\Windows\System32\WindowsPowerShell\v1.0\;C:\Windows\System32\OpenSSH\;C:\Program Files (x86)\NVIDIA Corporation\PhysX\Common;C:\WINDOWS\system32;C:\WINDOWS;C:\WINDOWS\System32\Wbem;C:\WINDOWS\System32\WindowsPowerShell\v1.0\;C:\WINDOWS\System32\OpenSSH\;C:\Program Files\NVIDIA Corporation\NVIDIA app\NvDLISR;C:\Program Files\dotnet\;C:\Program Files (x86)\Windows Kits\10\Windows Performance Toolkit\;C:\Program Files\Git\cmd;C:\Program Files\Cloudflare\Cloudflare WARP\;apache-maven-3.9.15\bin;C:\Program Files\apache-maven-3.9.15;C:\Users\Acer\AppData\Local\Microsoft\WindowsApps;C:\Users\Acer\AppData\Local\Programs\Microsoft VS Code\bin;c:\Users\Acer\.vscode\extensions\vscjav;C:\Program Files\Eclipse Adoptium\jdk-25.0.3.9-hotspot\bin;C:\Program Files\Eclipse Adoptium\jdk-25.0.3.9-hotspot\bin;.]
14-May-2026 14:17:01.509 INFO [main] org.apache.coyote.AbstractProtocol.init Initializing ProtocolHandler ["http-nio-8081"]
14-May-2026 14:17:01.522 INFO [main] org.apache.catalina.startup.Catalina.load Initialization processed in 305 ms
14-May-2026 14:17:01.563 INFO [main] org.apache.catalina.core.StandardService.startInternal Starting service [Catalina]
14-May-2026 14:17:01.563 INFO [main] org.apache.catalina.core.StandardEngine.startInternal Starting Servlet engine: [Apache Tomcat/8.5.96]
14-May-2026 14:17:01.575 INFO [localhost-startStop-1] org.apache.catalina.startup.HostConfig.deployDirectory Deploying web application directory [C:\xampp\tomcat\webapps\blogphim]
14-May-2026 14:17:01.915 INFO [localhost-startStop-1] org.apache.jasper.servlet.TldScanner.scanJars At least one JAR was scanned for TLDs yet contained no TLDs. Enable debug logging for this logger for a complete list of JARs that were scanned but no TLDs were found in them. Skipping unneeded JARs during scanning can improve startup time and JSP compilation time.
14-May-2026 14:17:02.031 WARNING [localhost-startStop-1] org.apache.catalina.util.SessionIdGeneratorBase.createSecureRandom Creation of SecureRandom instance for session ID generation using [SHA1PRNG] took [103] milliseconds.
14-May-2026 14:17:02.045 INFO [localhost-startStop-1] org.apache.catalina.startup.HostConfig.deployDirectory Deployment of web application directory [C:\xampp\tomcat\webapps\blogphim] has finished in [469] ms
14-May-2026 14:17:02.045 INFO [localhost-startStop-1] org.apache.catalina.startup.HostConfig.deployDirectory Deploying web application directory [C:\xampp\tomcat\webapps\docs]
14-May-2026 14:17:02.068 INFO [localhost-startStop-1] org.apache.catalina.startup.HostConfig.deployDirectory Deployment of web application directory [C:\xampp\tomcat\webapps\docs] has finished in [23] ms
14-May-2026 14:17:02.068 INFO [localhost-startStop-1] org.apache.catalina.startup.HostConfig.deployDirectory Deploying web application directory [C:\xampp\tomcat\webapps\examples]
14-May-2026 14:17:02.222 INFO [localhost-startStop-1] org.apache.catalina.startup.HostConfig.deployDirectory Deployment of web application directory [C:\xampp\tomcat\webapps\examples] has finished in [154] ms
14-May-2026 14:17:02.222 INFO [localhost-startStop-1] org.apache.catalina.startup.HostConfig.deployDirectory Deploying web application directory [C:\xampp\tomcat\webapps\host-manager]
14-May-2026 14:17:02.237 INFO [localhost-startStop-1] org.apache.catalina.startup.HostConfig.deployDirectory Deployment of web application directory [C:\xampp\tomcat\webapps\host-manager] has finished in [15] ms
14-May-2026 14:17:02.237 INFO [localhost-startStop-1] org.apache.catalina.startup.HostConfig.deployDirectory Deploying web application directory [C:\xampp\tomcat\webapps\manager]
14-May-2026 14:17:02.249 INFO [localhost-startStop-1] org.apache.catalina.startup.HostConfig.deployDirectory Deployment of web application directory [C:\xampp\tomcat\webapps\manager] has finished in [12] ms
14-May-2026 14:17:02.252 INFO [localhost-startStop-1] org.apache.catalina.startup.HostConfig.deployDirectory Deploying web application directory [C:\xampp\tomcat\webapps\ROOT]
14-May-2026 14:17:02.270 INFO [localhost-startStop-1] org.apache.catalina.startup.HostConfig.deployDirectory Deployment of web application directory [C:\xampp\tomcat\webapps\ROOT] has finished in [19] ms
14-May-2026 14:17:02.271 INFO [main] org.apache.coyote.AbstractProtocol.start Starting ProtocolHandler ["http-nio-8081"]
14-May-2026 14:17:02.316 INFO [main] org.apache.catalina.startup.Catalina.start Server startup in 794 ms
14-May-2026 14:33:33.159 INFO [main] org.apache.catalina.startup.VersionLoggerListener.log Server version name:   Apache Tomcat/8.5.96
14-May-2026 14:33:33.160 INFO [main] org.apache.catalina.startup.VersionLoggerListener.log Server built:          Nov 10 2023 14:56:59 UTC
14-May-2026 14:33:33.162 INFO [main] org.apache.catalina.startup.VersionLoggerListener.log Server version number: 8.5.96.0
14-May-2026 14:33:33.162 INFO [main] org.apache.catalina.startup.VersionLoggerListener.log OS Name:               Windows 10
14-May-2026 14:33:33.162 INFO [main] org.apache.catalina.startup.VersionLoggerListener.log OS Version:            10.0
14-May-2026 14:33:33.163 INFO [main] org.apache.catalina.startup.VersionLoggerListener.log Architecture:          amd64
14-May-2026 14:33:33.163 INFO [main] org.apache.catalina.startup.VersionLoggerListener.log Java Home:             C:\Program Files\Java\jre1.8.0_251
14-May-2026 14:33:33.163 INFO [main] org.apache.catalina.startup.VersionLoggerListener.log JVM Version:           1.8.0_251-b08
14-May-2026 14:33:33.163 INFO [main] org.apache.catalina.startup.VersionLoggerListener.log JVM Vendor:            Oracle Corporation
14-May-2026 14:33:33.164 INFO [main] org.apache.catalina.startup.VersionLoggerListener.log CATALINA_BASE:         C:\xampp\tomcat
14-May-2026 14:33:33.164 INFO [main] org.apache.catalina.startup.VersionLoggerListener.log CATALINA_HOME:         C:\xampp\tomcat
14-May-2026 14:33:33.164 INFO [main] org.apache.catalina.startup.VersionLoggerListener.log Command line argument: -Djava.util.logging.config.file=c:\xampp\tomcat\conf\logging.properties
14-May-2026 14:33:33.165 INFO [main] org.apache.catalina.startup.VersionLoggerListener.log Command line argument: -Djava.util.logging.manager=org.apache.juli.ClassLoaderLogManager
14-May-2026 14:33:33.165 INFO [main] org.apache.catalina.startup.VersionLoggerListener.log Command line argument: -Djdk.tls.ephemeralDHKeySize=2048
14-May-2026 14:33:33.165 INFO [main] org.apache.catalina.startup.VersionLoggerListener.log Command line argument: -Djava.protocol.handler.pkgs=org.apache.catalina.webresources
14-May-2026 14:33:33.165 INFO [main] org.apache.catalina.startup.VersionLoggerListener.log Command line argument: -Dignore.endorsed.dirs=
14-May-2026 14:33:33.165 INFO [main] org.apache.catalina.startup.VersionLoggerListener.log Command line argument: -Dcatalina.base=c:\xampp\tomcat
14-May-2026 14:33:33.166 INFO [main] org.apache.catalina.startup.VersionLoggerListener.log Command line argument: -Dcatalina.home=c:\xampp\tomcat
14-May-2026 14:33:33.166 INFO [main] org.apache.catalina.startup.VersionLoggerListener.log Command line argument: -Djava.io.tmpdir=c:\xampp\tomcat\temp
14-May-2026 14:33:33.166 INFO [main] org.apache.catalina.core.AprLifecycleListener.lifecycleEvent The Apache Tomcat Native library which allows using OpenSSL was not found on the java.library.path: [C:\Program Files\Java\jre1.8.0_251\bin;C:\WINDOWS\Sun\Java\bin;C:\WINDOWS\system32;C:\WINDOWS;C:\Program Files\Eclipse Adoptium\jdk-25.0.3.9-hotspot\bin;C:\Program Files (x86)\Common Files\Oracle\Java\javapath;C:\Windows\system32;C:\Windows;C:\Windows\System32\Wbem;C:\Windows\System32\WindowsPowerShell\v1.0\;C:\Windows\System32\OpenSSH\;C:\Program Files (x86)\NVIDIA Corporation\PhysX\Common;C:\WINDOWS\system32;C:\WINDOWS;C:\WINDOWS\System32\Wbem;C:\WINDOWS\System32\WindowsPowerShell\v1.0\;C:\WINDOWS\System32\OpenSSH\;C:\Program Files\NVIDIA Corporation\NVIDIA app\NvDLISR;C:\Program Files\dotnet\;C:\Program Files (x86)\Windows Kits\10\Windows Performance Toolkit\;C:\Program Files\Git\cmd;C:\Program Files\Cloudflare\Cloudflare WARP\;apache-maven-3.9.15\bin;C:\Program Files\apache-maven-3.9.15;c:\Users\Acer\AppData\Roaming\Code\User\globalStorage\github.copilot-chat\debugCommand;c:\Users\Acer\AppData\Roaming\Code\User\globalStorage\github.copilot-chat\copilotCli;C:\Users\Acer\AppData\Local\Programs\Microsoft VS Code;C:\Program Files (x86)\Common Files\Oracle\Java\javapath;C:\Windows\system32;C:\Windows;C:\Windows\System32\Wbem;C:\Windows\System32\WindowsPowerShell\v1.0\;C:\Windows\System32\OpenSSH\;C:\Program Files (x86)\NVIDIA Corporation\PhysX\Common;C:\WINDOWS\system32;C:\WINDOWS;C:\WINDOWS\System32\Wbem;C:\WINDOWS\System32\WindowsPowerShell\v1.0\;C:\WINDOWS\System32\OpenSSH\;C:\Program Files\NVIDIA Corporation\NVIDIA app\NvDLISR;C:\Program Files\dotnet\;C:\Program Files (x86)\Windows Kits\10\Windows Performance Toolkit\;C:\Program Files\Git\cmd;C:\Program Files\Cloudflare\Cloudflare WARP\;apache-maven-3.9.15\bin;C:\Program Files\apache-maven-3.9.15;C:\Users\Acer\AppData\Local\Microsoft\WindowsApps;C:\Users\Acer\AppData\Local\Programs\Microsoft VS Code\bin;c:\Users\Acer\.vscode\extensions\vscjav;C:\Program Files\Eclipse Adoptium\jdk-25.0.3.9-hotspot\bin;C:\Program Files\Eclipse Adoptium\jdk-25.0.3.9-hotspot\bin;.]
14-May-2026 14:33:33.231 INFO [main] org.apache.coyote.AbstractProtocol.init Initializing ProtocolHandler ["http-nio-8081"]
14-May-2026 14:33:33.242 INFO [main] org.apache.catalina.startup.Catalina.load Initialization processed in 290 ms
14-May-2026 14:33:33.255 INFO [main] org.apache.catalina.core.StandardService.startInternal Starting service [Catalina]
14-May-2026 14:33:33.256 INFO [main] org.apache.catalina.core.StandardEngine.startInternal Starting Servlet engine: [Apache Tomcat/8.5.96]
14-May-2026 14:33:33.262 INFO [localhost-startStop-1] org.apache.catalina.startup.HostConfig.deployDirectory Deploying web application directory [C:\xampp\tomcat\webapps\blogphim]
14-May-2026 14:33:33.553 INFO [localhost-startStop-1] org.apache.jasper.servlet.TldScanner.scanJars At least one JAR was scanned for TLDs yet contained no TLDs. Enable debug logging for this logger for a complete list of JARs that were scanned but no TLDs were found in them. Skipping unneeded JARs during scanning can improve startup time and JSP compilation time.
14-May-2026 14:33:33.660 INFO [localhost-startStop-1] org.apache.catalina.startup.HostConfig.deployDirectory Deployment of web application directory [C:\xampp\tomcat\webapps\blogphim] has finished in [398] ms
14-May-2026 14:33:33.660 INFO [localhost-startStop-1] org.apache.catalina.startup.HostConfig.deployDirectory Deploying web application directory [C:\xampp\tomcat\webapps\docs]
14-May-2026 14:33:33.674 INFO [localhost-startStop-1] org.apache.catalina.startup.HostConfig.deployDirectory Deployment of web application directory [C:\xampp\tomcat\webapps\docs] has finished in [14] ms
14-May-2026 14:33:33.675 INFO [localhost-startStop-1] org.apache.catalina.startup.HostConfig.deployDirectory Deploying web application directory [C:\xampp\tomcat\webapps\examples]
14-May-2026 14:33:33.804 INFO [localhost-startStop-1] org.apache.catalina.startup.HostConfig.deployDirectory Deployment of web application directory [C:\xampp\tomcat\webapps\examples] has finished in [129] ms
14-May-2026 14:33:33.804 INFO [localhost-startStop-1] org.apache.catalina.startup.HostConfig.deployDirectory Deploying web application directory [C:\xampp\tomcat\webapps\host-manager]
14-May-2026 14:33:33.818 INFO [localhost-startStop-1] org.apache.catalina.startup.HostConfig.deployDirectory Deployment of web application directory [C:\xampp\tomcat\webapps\host-manager] has finished in [14] ms
14-May-2026 14:33:33.818 INFO [localhost-startStop-1] org.apache.catalina.startup.HostConfig.deployDirectory Deploying web application directory [C:\xampp\tomcat\webapps\manager]
14-May-2026 14:33:33.829 INFO [localhost-startStop-1] org.apache.catalina.startup.HostConfig.deployDirectory Deployment of web application directory [C:\xampp\tomcat\webapps\manager] has finished in [11] ms
14-May-2026 14:33:33.829 INFO [localhost-startStop-1] org.apache.catalina.startup.HostConfig.deployDirectory Deploying web application directory [C:\xampp\tomcat\webapps\ROOT]
14-May-2026 14:33:33.838 INFO [localhost-startStop-1] org.apache.catalina.startup.HostConfig.deployDirectory Deployment of web application directory [C:\xampp\tomcat\webapps\ROOT] has finished in [9] ms
14-May-2026 14:33:33.839 INFO [main] org.apache.coyote.AbstractProtocol.start Starting ProtocolHandler ["http-nio-8081"]
14-May-2026 14:33:33.881 INFO [main] org.apache.catalina.startup.Catalina.start Server startup in 638 ms
14-May-2026 16:55:20.531 INFO [main] org.apache.catalina.startup.VersionLoggerListener.log Server version name:   Apache Tomcat/8.5.96
14-May-2026 16:55:20.532 INFO [main] org.apache.catalina.startup.VersionLoggerListener.log Server built:          Nov 10 2023 14:56:59 UTC
14-May-2026 16:55:20.532 INFO [main] org.apache.catalina.startup.VersionLoggerListener.log Server version number: 8.5.96.0
14-May-2026 16:55:20.533 INFO [main] org.apache.catalina.startup.VersionLoggerListener.log OS Name:               Windows 10
14-May-2026 16:55:20.534 INFO [main] org.apache.catalina.startup.VersionLoggerListener.log OS Version:            10.0
14-May-2026 16:55:20.534 INFO [main] org.apache.catalina.startup.VersionLoggerListener.log Architecture:          amd64
14-May-2026 16:55:20.534 INFO [main] org.apache.catalina.startup.VersionLoggerListener.log Java Home:             C:\Program Files\Java\jre1.8.0_251
14-May-2026 16:55:20.534 INFO [main] org.apache.catalina.startup.VersionLoggerListener.log JVM Version:           1.8.0_251-b08
14-May-2026 16:55:20.534 INFO [main] org.apache.catalina.startup.VersionLoggerListener.log JVM Vendor:            Oracle Corporation
14-May-2026 16:55:20.534 INFO [main] org.apache.catalina.startup.VersionLoggerListener.log CATALINA_BASE:         C:\xampp\tomcat
14-May-2026 16:55:20.535 INFO [main] org.apache.catalina.startup.VersionLoggerListener.log CATALINA_HOME:         C:\xampp\tomcat
14-May-2026 16:55:20.535 INFO [main] org.apache.catalina.startup.VersionLoggerListener.log Command line argument: -Djava.util.logging.config.file=c:\xampp\tomcat\conf\logging.properties
14-May-2026 16:55:20.535 INFO [main] org.apache.catalina.startup.VersionLoggerListener.log Command line argument: -Djava.util.logging.manager=org.apache.juli.ClassLoaderLogManager
14-May-2026 16:55:20.535 INFO [main] org.apache.catalina.startup.VersionLoggerListener.log Command line argument: -Djdk.tls.ephemeralDHKeySize=2048
14-May-2026 16:55:20.535 INFO [main] org.apache.catalina.startup.VersionLoggerListener.log Command line argument: -Djava.protocol.handler.pkgs=org.apache.catalina.webresources
14-May-2026 16:55:20.535 INFO [main] org.apache.catalina.startup.VersionLoggerListener.log Command line argument: -Dignore.endorsed.dirs=
14-May-2026 16:55:20.535 INFO [main] org.apache.catalina.startup.VersionLoggerListener.log Command line argument: -Dcatalina.base=c:\xampp\tomcat
14-May-2026 16:55:20.535 INFO [main] org.apache.catalina.startup.VersionLoggerListener.log Command line argument: -Dcatalina.home=c:\xampp\tomcat
14-May-2026 16:55:20.536 INFO [main] org.apache.catalina.startup.VersionLoggerListener.log Command line argument: -Djava.io.tmpdir=c:\xampp\tomcat\temp
14-May-2026 16:55:20.536 INFO [main] org.apache.catalina.core.AprLifecycleListener.lifecycleEvent The Apache Tomcat Native library which allows using OpenSSL was not found on the java.library.path: [C:\Program Files\Java\jre1.8.0_251\bin;C:\WINDOWS\Sun\Java\bin;C:\WINDOWS\system32;C:\WINDOWS;C:\Program Files\Eclipse Adoptium\jdk-25.0.3.9-hotspot\bin;C:\Program Files (x86)\Common Files\Oracle\Java\javapath;C:\Windows\system32;C:\Windows;C:\Windows\System32\Wbem;C:\Windows\System32\WindowsPowerShell\v1.0\;C:\Windows\System32\OpenSSH\;C:\Program Files (x86)\NVIDIA Corporation\PhysX\Common;C:\WINDOWS\system32;C:\WINDOWS;C:\WINDOWS\System32\Wbem;C:\WINDOWS\System32\WindowsPowerShell\v1.0\;C:\WINDOWS\System32\OpenSSH\;C:\Program Files\NVIDIA Corporation\NVIDIA app\NvDLISR;C:\Program Files\dotnet\;C:\Program Files (x86)\Windows Kits\10\Windows Performance Toolkit\;C:\Program Files\Git\cmd;C:\Program Files\Cloudflare\Cloudflare WARP\;apache-maven-3.9.15\bin;C:\Program Files\apache-maven-3.9.15;c:\Users\Acer\AppData\Roaming\Code\User\globalStorage\github.copilot-chat\debugCommand;c:\Users\Acer\AppData\Roaming\Code\User\globalStorage\github.copilot-chat\copilotCli;C:\Users\Acer\AppData\Local\Programs\Microsoft VS Code;C:\Program Files (x86)\Common Files\Oracle\Java\javapath;C:\Windows\system32;C:\Windows;C:\Windows\System32\Wbem;C:\Windows\System32\WindowsPowerShell\v1.0\;C:\Windows\System32\OpenSSH\;C:\Program Files (x86)\NVIDIA Corporation\PhysX\Common;C:\WINDOWS\system32;C:\WINDOWS;C:\WINDOWS\System32\Wbem;C:\WINDOWS\System32\WindowsPowerShell\v1.0\;C:\WINDOWS\System32\OpenSSH\;C:\Program Files\NVIDIA Corporation\NVIDIA app\NvDLISR;C:\Program Files\dotnet\;C:\Program Files (x86)\Windows Kits\10\Windows Performance Toolkit\;C:\Program Files\Git\cmd;C:\Program Files\Cloudflare\Cloudflare WARP\;apache-maven-3.9.15\bin;C:\Program Files\apache-maven-3.9.15;C:\Users\Acer\AppData\Local\Microsoft\WindowsApps;C:\Users\Acer\AppData\Local\Programs\Microsoft VS Code\bin;c:\Users\Acer\.vscode\extensions\vscjav;C:\Program Files\Eclipse Adoptium\jdk-25.0.3.9-hotspot\bin;C:\Program Files\Eclipse Adoptium\jdk-25.0.3.9-hotspot\bin;.]
14-May-2026 16:55:20.600 INFO [main] org.apache.coyote.AbstractProtocol.init Initializing ProtocolHandler ["http-nio-8081"]
14-May-2026 16:55:20.613 INFO [main] org.apache.catalina.startup.Catalina.load Initialization processed in 298 ms
14-May-2026 16:55:20.629 INFO [main] org.apache.catalina.core.StandardService.startInternal Starting service [Catalina]
14-May-2026 16:55:20.629 INFO [main] org.apache.catalina.core.StandardEngine.startInternal Starting Servlet engine: [Apache Tomcat/8.5.96]
14-May-2026 16:55:20.635 INFO [localhost-startStop-1] org.apache.catalina.startup.HostConfig.deployDirectory Deploying web application directory [C:\xampp\tomcat\webapps\blogphim]
14-May-2026 16:55:20.962 INFO [localhost-startStop-1] org.apache.jasper.servlet.TldScanner.scanJars At least one JAR was scanned for TLDs yet contained no TLDs. Enable debug logging for this logger for a complete list of JARs that were scanned but no TLDs were found in them. Skipping unneeded JARs during scanning can improve startup time and JSP compilation time.
14-May-2026 16:55:21.071 INFO [localhost-startStop-1] org.apache.catalina.startup.HostConfig.deployDirectory Deployment of web application directory [C:\xampp\tomcat\webapps\blogphim] has finished in [436] ms
14-May-2026 16:55:21.072 INFO [localhost-startStop-1] org.apache.catalina.startup.HostConfig.deployDirectory Deploying web application directory [C:\xampp\tomcat\webapps\docs]
14-May-2026 16:55:21.085 INFO [localhost-startStop-1] org.apache.catalina.startup.HostConfig.deployDirectory Deployment of web application directory [C:\xampp\tomcat\webapps\docs] has finished in [13] ms
14-May-2026 16:55:21.085 INFO [localhost-startStop-1] org.apache.catalina.startup.HostConfig.deployDirectory Deploying web application directory [C:\xampp\tomcat\webapps\examples]
14-May-2026 16:55:21.439 INFO [localhost-startStop-1] org.apache.catalina.startup.HostConfig.deployDirectory Deployment of web application directory [C:\xampp\tomcat\webapps\examples] has finished in [354] ms
14-May-2026 16:55:21.440 INFO [localhost-startStop-1] org.apache.catalina.startup.HostConfig.deployDirectory Deploying web application directory [C:\xampp\tomcat\webapps\host-manager]
14-May-2026 16:55:21.454 INFO [localhost-startStop-1] org.apache.catalina.startup.HostConfig.deployDirectory Deployment of web application directory [C:\xampp\tomcat\webapps\host-manager] has finished in [14] ms
14-May-2026 16:55:21.454 INFO [localhost-startStop-1] org.apache.catalina.startup.HostConfig.deployDirectory Deploying web application directory [C:\xampp\tomcat\webapps\manager]
14-May-2026 16:55:21.467 INFO [localhost-startStop-1] org.apache.catalina.startup.HostConfig.deployDirectory Deployment of web application directory [C:\xampp\tomcat\webapps\manager] has finished in [13] ms
14-May-2026 16:55:21.468 INFO [localhost-startStop-1] org.apache.catalina.startup.HostConfig.deployDirectory Deploying web application directory [C:\xampp\tomcat\webapps\ROOT]
14-May-2026 16:55:21.478 INFO [localhost-startStop-1] org.apache.catalina.startup.HostConfig.deployDirectory Deployment of web application directory [C:\xampp\tomcat\webapps\ROOT] has finished in [10] ms
14-May-2026 16:55:21.489 INFO [main] org.apache.coyote.AbstractProtocol.start Starting ProtocolHandler ["http-nio-8081"]
14-May-2026 16:55:21.530 INFO [main] org.apache.catalina.startup.Catalina.start Server startup in 917 ms
14-May-2026 17:09:20.085 INFO [main] org.apache.catalina.startup.VersionLoggerListener.log Server version name:   Apache Tomcat/8.5.96
14-May-2026 17:09:20.087 INFO [main] org.apache.catalina.startup.VersionLoggerListener.log Server built:          Nov 10 2023 14:56:59 UTC
14-May-2026 17:09:20.087 INFO [main] org.apache.catalina.startup.VersionLoggerListener.log Server version number: 8.5.96.0
14-May-2026 17:09:20.087 INFO [main] org.apache.catalina.startup.VersionLoggerListener.log OS Name:               Windows 10
14-May-2026 17:09:20.088 INFO [main] org.apache.catalina.startup.VersionLoggerListener.log OS Version:            10.0
14-May-2026 17:09:20.088 INFO [main] org.apache.catalina.startup.VersionLoggerListener.log Architecture:          amd64
14-May-2026 17:09:20.088 INFO [main] org.apache.catalina.startup.VersionLoggerListener.log Java Home:             C:\Program Files\Java\jre1.8.0_251
14-May-2026 17:09:20.088 INFO [main] org.apache.catalina.startup.VersionLoggerListener.log JVM Version:           1.8.0_251-b08
14-May-2026 17:09:20.088 INFO [main] org.apache.catalina.startup.VersionLoggerListener.log JVM Vendor:            Oracle Corporation
14-May-2026 17:09:20.088 INFO [main] org.apache.catalina.startup.VersionLoggerListener.log CATALINA_BASE:         C:\xampp\tomcat
14-May-2026 17:09:20.088 INFO [main] org.apache.catalina.startup.VersionLoggerListener.log CATALINA_HOME:         C:\xampp\tomcat
14-May-2026 17:09:20.088 INFO [main] org.apache.catalina.startup.VersionLoggerListener.log Command line argument: -Djava.util.logging.config.file=C:\xampp\tomcat\conf\logging.properties
14-May-2026 17:09:20.088 INFO [main] org.apache.catalina.startup.VersionLoggerListener.log Command line argument: -Djava.util.logging.manager=org.apache.juli.ClassLoaderLogManager
14-May-2026 17:09:20.088 INFO [main] org.apache.catalina.startup.VersionLoggerListener.log Command line argument: -Djdk.tls.ephemeralDHKeySize=2048
14-May-2026 17:09:20.089 INFO [main] org.apache.catalina.startup.VersionLoggerListener.log Command line argument: -Djava.protocol.handler.pkgs=org.apache.catalina.webresources
14-May-2026 17:09:20.089 INFO [main] org.apache.catalina.startup.VersionLoggerListener.log Command line argument: -Dignore.endorsed.dirs=
14-May-2026 17:09:20.089 INFO [main] org.apache.catalina.startup.VersionLoggerListener.log Command line argument: -Dcatalina.base=C:\xampp\tomcat
14-May-2026 17:09:20.089 INFO [main] org.apache.catalina.startup.VersionLoggerListener.log Command line argument: -Dcatalina.home=C:\xampp\tomcat
14-May-2026 17:09:20.089 INFO [main] org.apache.catalina.startup.VersionLoggerListener.log Command line argument: -Djava.io.tmpdir=C:\xampp\tomcat\temp
14-May-2026 17:09:20.089 INFO [main] org.apache.catalina.core.AprLifecycleListener.lifecycleEvent The Apache Tomcat Native library which allows using OpenSSL was not found on the java.library.path: [C:\Program Files\Java\jre1.8.0_251\bin;C:\WINDOWS\Sun\Java\bin;C:\WINDOWS\system32;C:\WINDOWS;c:\Users\Acer\AppData\Roaming\Code\User\globalStorage\github.copilot-chat\debugCommand;c:\Users\Acer\AppData\Roaming\Code\User\globalStorage\github.copilot-chat\copilotCli;C:\Users\Acer\AppData\Local\Programs\Microsoft VS Code;C:\Program Files\Eclipse Adoptium\jdk-25.0.3.9-hotspot\bin;C:\Program Files (x86)\Common Files\Oracle\Java\javapath;C:\Windows\system32;C:\Windows;C:\Windows\System32\Wbem;C:\Windows\System32\WindowsPowerShell\v1.0\;C:\Windows\System32\OpenSSH\;C:\Program Files (x86)\NVIDIA Corporation\PhysX\Common;C:\WINDOWS\system32;C:\WINDOWS;C:\WINDOWS\System32\Wbem;C:\WINDOWS\System32\WindowsPowerShell\v1.0\;C:\WINDOWS\System32\OpenSSH\;C:\Program Files\NVIDIA Corporation\NVIDIA app\NvDLISR;C:\Program Files\dotnet\;C:\Program Files (x86)\Windows Kits\10\Windows Performance Toolkit\;C:\Program Files\Git\cmd;C:\Program Files\Cloudflare\Cloudflare WARP\;apache-maven-3.9.15\bin;C:\Program Files\apache-maven-3.9.15;c:\Users\Acer\AppData\Roaming\Code\User\globalStorage\github.copilot-chat\debugCommand;c:\Users\Acer\AppData\Roaming\Code\User\globalStorage\github.copilot-chat\copilotCli;C:\Users\Acer\AppData\Local\Programs\Microsoft VS Code;C:\Program Files (x86)\Common Files\Oracle\Java\javapath;C:\Windows\system32;C:\Windows;C:\Windows\System32\Wbem;C:\Windows\System32\WindowsPowerShell\v1.0\;C:\Windows\System32\OpenSSH\;C:\Program Files (x86)\NVIDIA Corporation\PhysX\Common;C:\WINDOWS\system32;C:\WINDOWS;C:\WINDOWS\System32\Wbem;C:\WINDOWS\System32\WindowsPowerShell\v1.0\;C:\WINDOWS\System32\OpenSSH\;C:\Program Files\NVIDIA Corporation\NVIDIA app\NvDLISR;C:\Program Files\dotnet\;C:\Program Files (x86)\Windows Kits\10\Windows Performance Toolkit\;C:\Program Files\Git\cmd;C:\Program Files\Cloudflare\Cloudflare WARP\;apache-maven-3.9.15\bin;C:\Program Files\apache-maven-3.9.15;C:\Users\Acer\AppData\Local\Microsoft\WindowsApps;C:\Users\Acer\AppData\Local\Programs\Microsoft VS Code\bin;c:\Users\Acer\.vscode\extensions\vscjav;C:\Program Files\Eclipse Adoptium\jdk-25.0.3.9-hotspot\bin;C:\Program Files\Eclipse Adoptium\jdk-25.0.3.9-hotspot\bin;c:\Users\Acer\.vscode\extensions\vscjava.vscode-java-debug-0.59.0\bundled\scripts\noConfigScripts;.]
14-May-2026 17:09:20.175 INFO [main] org.apache.coyote.AbstractProtocol.init Initializing ProtocolHandler ["http-nio-8081"]
14-May-2026 17:09:20.192 INFO [main] org.apache.catalina.startup.Catalina.load Initialization processed in 338 ms
14-May-2026 17:09:20.210 INFO [main] org.apache.catalina.core.StandardService.startInternal Starting service [Catalina]
14-May-2026 17:09:20.210 INFO [main] org.apache.catalina.core.StandardEngine.startInternal Starting Servlet engine: [Apache Tomcat/8.5.96]
14-May-2026 17:09:20.217 INFO [localhost-startStop-1] org.apache.catalina.startup.HostConfig.deployDirectory Deploying web application directory [C:\xampp\tomcat\webapps\blogphim]
14-May-2026 17:09:20.605 INFO [localhost-startStop-1] org.apache.jasper.servlet.TldScanner.scanJars At least one JAR was scanned for TLDs yet contained no TLDs. Enable debug logging for this logger for a complete list of JARs that were scanned but no TLDs were found in them. Skipping unneeded JARs during scanning can improve startup time and JSP compilation time.
14-May-2026 17:09:20.719 INFO [localhost-startStop-1] org.apache.catalina.startup.HostConfig.deployDirectory Deployment of web application directory [C:\xampp\tomcat\webapps\blogphim] has finished in [501] ms
14-May-2026 17:09:20.719 INFO [localhost-startStop-1] org.apache.catalina.startup.HostConfig.deployDirectory Deploying web application directory [C:\xampp\tomcat\webapps\docs]
14-May-2026 17:09:20.731 INFO [localhost-startStop-1] org.apache.catalina.startup.HostConfig.deployDirectory Deployment of web application directory [C:\xampp\tomcat\webapps\docs] has finished in [12] ms
14-May-2026 17:09:20.731 INFO [localhost-startStop-1] org.apache.catalina.startup.HostConfig.deployDirectory Deploying web application directory [C:\xampp\tomcat\webapps\examples]
14-May-2026 17:09:20.895 INFO [localhost-startStop-1] org.apache.catalina.startup.HostConfig.deployDirectory Deployment of web application directory [C:\xampp\tomcat\webapps\examples] has finished in [164] ms
14-May-2026 17:09:20.896 INFO [localhost-startStop-1] org.apache.catalina.startup.HostConfig.deployDirectory Deploying web application directory [C:\xampp\tomcat\webapps\host-manager]
14-May-2026 17:09:20.915 INFO [localhost-startStop-1] org.apache.catalina.startup.HostConfig.deployDirectory Deployment of web application directory [C:\xampp\tomcat\webapps\host-manager] has finished in [19] ms
14-May-2026 17:09:20.915 INFO [localhost-startStop-1] org.apache.catalina.startup.HostConfig.deployDirectory Deploying web application directory [C:\xampp\tomcat\webapps\manager]
14-May-2026 17:09:20.929 INFO [localhost-startStop-1] org.apache.catalina.startup.HostConfig.deployDirectory Deployment of web application directory [C:\xampp\tomcat\webapps\manager] has finished in [14] ms
14-May-2026 17:09:20.929 INFO [localhost-startStop-1] org.apache.catalina.startup.HostConfig.deployDirectory Deploying web application directory [C:\xampp\tomcat\webapps\ROOT]
14-May-2026 17:09:20.946 INFO [localhost-startStop-1] org.apache.catalina.startup.HostConfig.deployDirectory Deployment of web application directory [C:\xampp\tomcat\webapps\ROOT] has finished in [17] ms
14-May-2026 17:09:20.961 INFO [main] org.apache.coyote.AbstractProtocol.start Starting ProtocolHandler ["http-nio-8081"]
14-May-2026 17:09:21.006 INFO [main] org.apache.catalina.startup.Catalina.start Server startup in 814 ms
14-May-2026 17:10:40.039 INFO [main] org.apache.catalina.startup.VersionLoggerListener.log Server version name:   Apache Tomcat/8.5.96
14-May-2026 17:10:40.041 INFO [main] org.apache.catalina.startup.VersionLoggerListener.log Server built:          Nov 10 2023 14:56:59 UTC
14-May-2026 17:10:40.043 INFO [main] org.apache.catalina.startup.VersionLoggerListener.log Server version number: 8.5.96.0
14-May-2026 17:10:40.043 INFO [main] org.apache.catalina.startup.VersionLoggerListener.log OS Name:               Windows 10
14-May-2026 17:10:40.043 INFO [main] org.apache.catalina.startup.VersionLoggerListener.log OS Version:            10.0
14-May-2026 17:10:40.043 INFO [main] org.apache.catalina.startup.VersionLoggerListener.log Architecture:          amd64
14-May-2026 17:10:40.043 INFO [main] org.apache.catalina.startup.VersionLoggerListener.log Java Home:             C:\Program Files\Java\jre1.8.0_251
14-May-2026 17:10:40.043 INFO [main] org.apache.catalina.startup.VersionLoggerListener.log JVM Version:           1.8.0_251-b08
14-May-2026 17:10:40.043 INFO [main] org.apache.catalina.startup.VersionLoggerListener.log JVM Vendor:            Oracle Corporation
14-May-2026 17:10:40.043 INFO [main] org.apache.catalina.startup.VersionLoggerListener.log CATALINA_BASE:         C:\xampp\tomcat
14-May-2026 17:10:40.044 INFO [main] org.apache.catalina.startup.VersionLoggerListener.log CATALINA_HOME:         C:\xampp\tomcat
14-May-2026 17:10:40.044 INFO [main] org.apache.catalina.startup.VersionLoggerListener.log Command line argument: -Djava.util.logging.config.file=c:\xampp\tomcat\conf\logging.properties
14-May-2026 17:10:40.044 INFO [main] org.apache.catalina.startup.VersionLoggerListener.log Command line argument: -Djava.util.logging.manager=org.apache.juli.ClassLoaderLogManager
14-May-2026 17:10:40.044 INFO [main] org.apache.catalina.startup.VersionLoggerListener.log Command line argument: -Djdk.tls.ephemeralDHKeySize=2048
14-May-2026 17:10:40.044 INFO [main] org.apache.catalina.startup.VersionLoggerListener.log Command line argument: -Djava.protocol.handler.pkgs=org.apache.catalina.webresources
14-May-2026 17:10:40.044 INFO [main] org.apache.catalina.startup.VersionLoggerListener.log Command line argument: -Dignore.endorsed.dirs=
14-May-2026 17:10:40.044 INFO [main] org.apache.catalina.startup.VersionLoggerListener.log Command line argument: -Dcatalina.base=c:\xampp\tomcat
14-May-2026 17:10:40.044 INFO [main] org.apache.catalina.startup.VersionLoggerListener.log Command line argument: -Dcatalina.home=c:\xampp\tomcat
14-May-2026 17:10:40.044 INFO [main] org.apache.catalina.startup.VersionLoggerListener.log Command line argument: -Djava.io.tmpdir=c:\xampp\tomcat\temp
14-May-2026 17:10:40.044 INFO [main] org.apache.catalina.core.AprLifecycleListener.lifecycleEvent The Apache Tomcat Native library which allows using OpenSSL was not found on the java.library.path: [C:\Program Files\Java\jre1.8.0_251\bin;C:\WINDOWS\Sun\Java\bin;C:\WINDOWS\system32;C:\WINDOWS;C:\Program Files\Eclipse Adoptium\jdk-25.0.3.9-hotspot\bin;C:\Program Files (x86)\Common Files\Oracle\Java\javapath;C:\Windows\system32;C:\Windows;C:\Windows\System32\Wbem;C:\Windows\System32\WindowsPowerShell\v1.0\;C:\Windows\System32\OpenSSH\;C:\Program Files (x86)\NVIDIA Corporation\PhysX\Common;C:\WINDOWS\system32;C:\WINDOWS;C:\WINDOWS\System32\Wbem;C:\WINDOWS\System32\WindowsPowerShell\v1.0\;C:\WINDOWS\System32\OpenSSH\;C:\Program Files\NVIDIA Corporation\NVIDIA app\NvDLISR;C:\Program Files\dotnet\;C:\Program Files (x86)\Windows Kits\10\Windows Performance Toolkit\;C:\Program Files\Git\cmd;C:\Program Files\Cloudflare\Cloudflare WARP\;apache-maven-3.9.15\bin;C:\Program Files\apache-maven-3.9.15;c:\Users\Acer\AppData\Roaming\Code\User\globalStorage\github.copilot-chat\debugCommand;c:\Users\Acer\AppData\Roaming\Code\User\globalStorage\github.copilot-chat\copilotCli;C:\Users\Acer\AppData\Local\Programs\Microsoft VS Code;C:\Program Files (x86)\Common Files\Oracle\Java\javapath;C:\Windows\system32;C:\Windows;C:\Windows\System32\Wbem;C:\Windows\System32\WindowsPowerShell\v1.0\;C:\Windows\System32\OpenSSH\;C:\Program Files (x86)\NVIDIA Corporation\PhysX\Common;C:\WINDOWS\system32;C:\WINDOWS;C:\WINDOWS\System32\Wbem;C:\WINDOWS\System32\WindowsPowerShell\v1.0\;C:\WINDOWS\System32\OpenSSH\;C:\Program Files\NVIDIA Corporation\NVIDIA app\NvDLISR;C:\Program Files\dotnet\;C:\Program Files (x86)\Windows Kits\10\Windows Performance Toolkit\;C:\Program Files\Git\cmd;C:\Program Files\Cloudflare\Cloudflare WARP\;apache-maven-3.9.15\bin;C:\Program Files\apache-maven-3.9.15;C:\Users\Acer\AppData\Local\Microsoft\WindowsApps;C:\Users\Acer\AppData\Local\Programs\Microsoft VS Code\bin;c:\Users\Acer\.vscode\extensions\vscjav;C:\Program Files\Eclipse Adoptium\jdk-25.0.3.9-hotspot\bin;C:\Program Files\Eclipse Adoptium\jdk-25.0.3.9-hotspot\bin;.]
14-May-2026 17:10:40.107 INFO [main] org.apache.coyote.AbstractProtocol.init Initializing ProtocolHandler ["http-nio-8081"]
14-May-2026 17:10:40.113 SEVERE [main] org.apache.catalina.core.StandardService.initInternal Failed to initialize connector [Connector["http-nio-8081"]]
	org.apache.catalina.LifecycleException: Protocol handler initialization failed
		at org.apache.catalina.connector.Connector.initInternal(Connector.java:1075)
		at org.apache.catalina.util.LifecycleBase.init(LifecycleBase.java:127)
		at org.apache.catalina.core.StandardService.initInternal(StandardService.java:564)
		at org.apache.catalina.util.LifecycleBase.init(LifecycleBase.java:127)
		at org.apache.catalina.core.StandardServer.initInternal(StandardServer.java:854)
		at org.apache.catalina.util.LifecycleBase.init(LifecycleBase.java:127)
		at org.apache.catalina.startup.Catalina.load(Catalina.java:646)
		at org.apache.catalina.startup.Catalina.load(Catalina.java:669)
		at sun.reflect.NativeMethodAccessorImpl.invoke0(Native Method)
		at sun.reflect.NativeMethodAccessorImpl.invoke(Unknown Source)
		at sun.reflect.DelegatingMethodAccessorImpl.invoke(Unknown Source)
		at java.lang.reflect.Method.invoke(Unknown Source)
		at org.apache.catalina.startup.Bootstrap.load(Bootstrap.java:307)
		at org.apache.catalina.startup.Bootstrap.main(Bootstrap.java:477)
	Caused by: java.net.BindException: Address already in use: bind
		at sun.nio.ch.Net.bind0(Native Method)
		at sun.nio.ch.Net.bind(Unknown Source)
		at sun.nio.ch.Net.bind(Unknown Source)
		at sun.nio.ch.ServerSocketChannelImpl.bind(Unknown Source)
		at sun.nio.ch.ServerSocketAdaptor.bind(Unknown Source)
		at org.apache.tomcat.util.net.NioEndpoint.initServerSocket(NioEndpoint.java:226)
		at org.apache.tomcat.util.net.NioEndpoint.bind(NioEndpoint.java:202)
		at org.apache.tomcat.util.net.AbstractEndpoint.bindWithCleanup(AbstractEndpoint.java:1326)
		at org.apache.tomcat.util.net.AbstractEndpoint.init(AbstractEndpoint.java:1339)
		at org.apache.tomcat.util.net.AbstractJsseEndpoint.init(AbstractJsseEndpoint.java:231)
		at org.apache.coyote.AbstractProtocol.init(AbstractProtocol.java:695)
		at org.apache.coyote.http11.AbstractHttp11Protocol.init(AbstractHttp11Protocol.java:76)
		at org.apache.catalina.connector.Connector.initInternal(Connector.java:1073)
		... 13 more
14-May-2026 17:10:40.114 INFO [main] org.apache.catalina.startup.Catalina.load Initialization processed in 275 ms
14-May-2026 17:10:40.127 INFO [main] org.apache.catalina.core.StandardService.startInternal Starting service [Catalina]
14-May-2026 17:10:40.128 INFO [main] org.apache.catalina.core.StandardEngine.startInternal Starting Servlet engine: [Apache Tomcat/8.5.96]
14-May-2026 17:10:40.133 INFO [localhost-startStop-1] org.apache.catalina.startup.HostConfig.deployDirectory Deploying web application directory [C:\xampp\tomcat\webapps\blogphim]
14-May-2026 17:10:40.427 INFO [localhost-startStop-1] org.apache.jasper.servlet.TldScanner.scanJars At least one JAR was scanned for TLDs yet contained no TLDs. Enable debug logging for this logger for a complete list of JARs that were scanned but no TLDs were found in them. Skipping unneeded JARs during scanning can improve startup time and JSP compilation time.
14-May-2026 17:10:40.531 INFO [localhost-startStop-1] org.apache.catalina.startup.HostConfig.deployDirectory Deployment of web application directory [C:\xampp\tomcat\webapps\blogphim] has finished in [398] ms
14-May-2026 17:10:40.532 INFO [localhost-startStop-1] org.apache.catalina.startup.HostConfig.deployDirectory Deploying web application directory [C:\xampp\tomcat\webapps\docs]
14-May-2026 17:10:40.546 INFO [localhost-startStop-1] org.apache.catalina.startup.HostConfig.deployDirectory Deployment of web application directory [C:\xampp\tomcat\webapps\docs] has finished in [13] ms
14-May-2026 17:10:40.546 INFO [localhost-startStop-1] org.apache.catalina.startup.HostConfig.deployDirectory Deploying web application directory [C:\xampp\tomcat\webapps\examples]
14-May-2026 17:10:40.697 INFO [localhost-startStop-1] org.apache.catalina.startup.HostConfig.deployDirectory Deployment of web application directory [C:\xampp\tomcat\webapps\examples] has finished in [151] ms
14-May-2026 17:10:40.697 INFO [localhost-startStop-1] org.apache.catalina.startup.HostConfig.deployDirectory Deploying web application directory [C:\xampp\tomcat\webapps\host-manager]
14-May-2026 17:10:40.710 INFO [localhost-startStop-1] org.apache.catalina.startup.HostConfig.deployDirectory Deployment of web application directory [C:\xampp\tomcat\webapps\host-manager] has finished in [13] ms
14-May-2026 17:10:40.710 INFO [localhost-startStop-1] org.apache.catalina.startup.HostConfig.deployDirectory Deploying web application directory [C:\xampp\tomcat\webapps\manager]
14-May-2026 17:10:40.721 INFO [localhost-startStop-1] org.apache.catalina.startup.HostConfig.deployDirectory Deployment of web application directory [C:\xampp\tomcat\webapps\manager] has finished in [11] ms
14-May-2026 17:10:40.721 INFO [localhost-startStop-1] org.apache.catalina.startup.HostConfig.deployDirectory Deploying web application directory [C:\xampp\tomcat\webapps\ROOT]
14-May-2026 17:10:40.729 INFO [localhost-startStop-1] org.apache.catalina.startup.HostConfig.deployDirectory Deployment of web application directory [C:\xampp\tomcat\webapps\ROOT] has finished in [8] ms
14-May-2026 17:10:40.731 INFO [main] org.apache.catalina.startup.Catalina.start Server startup in 616 ms
14-May-2026 17:10:40.734 SEVERE [main] org.apache.catalina.core.StandardServer.await Failed to create server shutdown socket on address [localhost] and port [8006] (base port [8006] and offset [0])
	java.net.BindException: Address already in use: JVM_Bind
		at java.net.DualStackPlainSocketImpl.bind0(Native Method)
		at java.net.DualStackPlainSocketImpl.socketBind(Unknown Source)
		at java.net.AbstractPlainSocketImpl.bind(Unknown Source)
		at java.net.PlainSocketImpl.bind(Unknown Source)
		at java.net.ServerSocket.bind(Unknown Source)
		at java.net.ServerSocket.<init>(Unknown Source)
		at org.apache.catalina.core.StandardServer.await(StandardServer.java:444)
		at org.apache.catalina.startup.Catalina.await(Catalina.java:783)
		at org.apache.catalina.startup.Catalina.start(Catalina.java:729)
		at sun.reflect.NativeMethodAccessorImpl.invoke0(Native Method)
		at sun.reflect.NativeMethodAccessorImpl.invoke(Unknown Source)
		at sun.reflect.DelegatingMethodAccessorImpl.invoke(Unknown Source)
		at java.lang.reflect.Method.invoke(Unknown Source)
		at org.apache.catalina.startup.Bootstrap.start(Bootstrap.java:347)
		at org.apache.catalina.startup.Bootstrap.main(Bootstrap.java:478)
14-May-2026 17:10:40.734 INFO [main] org.apache.coyote.AbstractProtocol.pause Pausing ProtocolHandler ["http-nio-8081"]
14-May-2026 17:10:40.734 INFO [main] org.apache.catalina.core.StandardService.stopInternal Stopping service [Catalina]
14-May-2026 17:10:40.747 INFO [main] org.apache.coyote.AbstractProtocol.stop Stopping ProtocolHandler ["http-nio-8081"]
14-May-2026 17:10:40.748 INFO [main] org.apache.coyote.AbstractProtocol.destroy Destroying ProtocolHandler ["http-nio-8081"]
14-May-2026 17:11:02.780 INFO [main] org.apache.catalina.startup.VersionLoggerListener.log Server version name:   Apache Tomcat/8.5.96
14-May-2026 17:11:02.781 INFO [main] org.apache.catalina.startup.VersionLoggerListener.log Server built:          Nov 10 2023 14:56:59 UTC
14-May-2026 17:11:02.783 INFO [main] org.apache.catalina.startup.VersionLoggerListener.log Server version number: 8.5.96.0
14-May-2026 17:11:02.783 INFO [main] org.apache.catalina.startup.VersionLoggerListener.log OS Name:               Windows 10
14-May-2026 17:11:02.783 INFO [main] org.apache.catalina.startup.VersionLoggerListener.log OS Version:            10.0
14-May-2026 17:11:02.783 INFO [main] org.apache.catalina.startup.VersionLoggerListener.log Architecture:          amd64
14-May-2026 17:11:02.783 INFO [main] org.apache.catalina.startup.VersionLoggerListener.log Java Home:             C:\Program Files\Java\jre1.8.0_251
14-May-2026 17:11:02.784 INFO [main] org.apache.catalina.startup.VersionLoggerListener.log JVM Version:           1.8.0_251-b08
14-May-2026 17:11:02.784 INFO [main] org.apache.catalina.startup.VersionLoggerListener.log JVM Vendor:            Oracle Corporation
14-May-2026 17:11:02.784 INFO [main] org.apache.catalina.startup.VersionLoggerListener.log CATALINA_BASE:         C:\xampp\tomcat
14-May-2026 17:11:02.784 INFO [main] org.apache.catalina.startup.VersionLoggerListener.log CATALINA_HOME:         C:\xampp\tomcat
14-May-2026 17:11:02.784 INFO [main] org.apache.catalina.startup.VersionLoggerListener.log Command line argument: -Djava.util.logging.config.file=c:\xampp\tomcat\conf\logging.properties
14-May-2026 17:11:02.784 INFO [main] org.apache.catalina.startup.VersionLoggerListener.log Command line argument: -Djava.util.logging.manager=org.apache.juli.ClassLoaderLogManager
14-May-2026 17:11:02.785 INFO [main] org.apache.catalina.startup.VersionLoggerListener.log Command line argument: -Djdk.tls.ephemeralDHKeySize=2048
14-May-2026 17:11:02.785 INFO [main] org.apache.catalina.startup.VersionLoggerListener.log Command line argument: -Djava.protocol.handler.pkgs=org.apache.catalina.webresources
14-May-2026 17:11:02.785 INFO [main] org.apache.catalina.startup.VersionLoggerListener.log Command line argument: -Dignore.endorsed.dirs=
14-May-2026 17:11:02.785 INFO [main] org.apache.catalina.startup.VersionLoggerListener.log Command line argument: -Dcatalina.base=c:\xampp\tomcat
14-May-2026 17:11:02.785 INFO [main] org.apache.catalina.startup.VersionLoggerListener.log Command line argument: -Dcatalina.home=c:\xampp\tomcat
14-May-2026 17:11:02.786 INFO [main] org.apache.catalina.startup.VersionLoggerListener.log Command line argument: -Djava.io.tmpdir=c:\xampp\tomcat\temp
14-May-2026 17:11:02.786 INFO [main] org.apache.catalina.core.AprLifecycleListener.lifecycleEvent The Apache Tomcat Native library which allows using OpenSSL was not found on the java.library.path: [C:\Program Files\Java\jre1.8.0_251\bin;C:\WINDOWS\Sun\Java\bin;C:\WINDOWS\system32;C:\WINDOWS;C:\Program Files\Eclipse Adoptium\jdk-25.0.3.9-hotspot\bin;C:\Program Files (x86)\Common Files\Oracle\Java\javapath;C:\Windows\system32;C:\Windows;C:\Windows\System32\Wbem;C:\Windows\System32\WindowsPowerShell\v1.0\;C:\Windows\System32\OpenSSH\;C:\Program Files (x86)\NVIDIA Corporation\PhysX\Common;C:\WINDOWS\system32;C:\WINDOWS;C:\WINDOWS\System32\Wbem;C:\WINDOWS\System32\WindowsPowerShell\v1.0\;C:\WINDOWS\System32\OpenSSH\;C:\Program Files\NVIDIA Corporation\NVIDIA app\NvDLISR;C:\Program Files\dotnet\;C:\Program Files (x86)\Windows Kits\10\Windows Performance Toolkit\;C:\Program Files\Git\cmd;C:\Program Files\Cloudflare\Cloudflare WARP\;apache-maven-3.9.15\bin;C:\Program Files\apache-maven-3.9.15;c:\Users\Acer\AppData\Roaming\Code\User\globalStorage\github.copilot-chat\debugCommand;c:\Users\Acer\AppData\Roaming\Code\User\globalStorage\github.copilot-chat\copilotCli;C:\Users\Acer\AppData\Local\Programs\Microsoft VS Code;C:\Program Files (x86)\Common Files\Oracle\Java\javapath;C:\Windows\system32;C:\Windows;C:\Windows\System32\Wbem;C:\Windows\System32\WindowsPowerShell\v1.0\;C:\Windows\System32\OpenSSH\;C:\Program Files (x86)\NVIDIA Corporation\PhysX\Common;C:\WINDOWS\system32;C:\WINDOWS;C:\WINDOWS\System32\Wbem;C:\WINDOWS\System32\WindowsPowerShell\v1.0\;C:\WINDOWS\System32\OpenSSH\;C:\Program Files\NVIDIA Corporation\NVIDIA app\NvDLISR;C:\Program Files\dotnet\;C:\Program Files (x86)\Windows Kits\10\Windows Performance Toolkit\;C:\Program Files\Git\cmd;C:\Program Files\Cloudflare\Cloudflare WARP\;apache-maven-3.9.15\bin;C:\Program Files\apache-maven-3.9.15;C:\Users\Acer\AppData\Local\Microsoft\WindowsApps;C:\Users\Acer\AppData\Local\Programs\Microsoft VS Code\bin;c:\Users\Acer\.vscode\extensions\vscjav;C:\Program Files\Eclipse Adoptium\jdk-25.0.3.9-hotspot\bin;C:\Program Files\Eclipse Adoptium\jdk-25.0.3.9-hotspot\bin;.]
14-May-2026 17:11:02.850 INFO [main] org.apache.coyote.AbstractProtocol.init Initializing ProtocolHandler ["http-nio-8081"]
14-May-2026 17:11:02.856 SEVERE [main] org.apache.catalina.core.StandardService.initInternal Failed to initialize connector [Connector["http-nio-8081"]]
	org.apache.catalina.LifecycleException: Protocol handler initialization failed
		at org.apache.catalina.connector.Connector.initInternal(Connector.java:1075)
		at org.apache.catalina.util.LifecycleBase.init(LifecycleBase.java:127)
		at org.apache.catalina.core.StandardService.initInternal(StandardService.java:564)
		at org.apache.catalina.util.LifecycleBase.init(LifecycleBase.java:127)
		at org.apache.catalina.core.StandardServer.initInternal(StandardServer.java:854)
		at org.apache.catalina.util.LifecycleBase.init(LifecycleBase.java:127)
		at org.apache.catalina.startup.Catalina.load(Catalina.java:646)
		at org.apache.catalina.startup.Catalina.load(Catalina.java:669)
		at sun.reflect.NativeMethodAccessorImpl.invoke0(Native Method)
		at sun.reflect.NativeMethodAccessorImpl.invoke(Unknown Source)
		at sun.reflect.DelegatingMethodAccessorImpl.invoke(Unknown Source)
		at java.lang.reflect.Method.invoke(Unknown Source)
		at org.apache.catalina.startup.Bootstrap.load(Bootstrap.java:307)
		at org.apache.catalina.startup.Bootstrap.main(Bootstrap.java:477)
	Caused by: java.net.BindException: Address already in use: bind
		at sun.nio.ch.Net.bind0(Native Method)
		at sun.nio.ch.Net.bind(Unknown Source)
		at sun.nio.ch.Net.bind(Unknown Source)
		at sun.nio.ch.ServerSocketChannelImpl.bind(Unknown Source)
		at sun.nio.ch.ServerSocketAdaptor.bind(Unknown Source)
		at org.apache.tomcat.util.net.NioEndpoint.initServerSocket(NioEndpoint.java:226)
		at org.apache.tomcat.util.net.NioEndpoint.bind(NioEndpoint.java:202)
		at org.apache.tomcat.util.net.AbstractEndpoint.bindWithCleanup(AbstractEndpoint.java:1326)
		at org.apache.tomcat.util.net.AbstractEndpoint.init(AbstractEndpoint.java:1339)
		at org.apache.tomcat.util.net.AbstractJsseEndpoint.init(AbstractJsseEndpoint.java:231)
		at org.apache.coyote.AbstractProtocol.init(AbstractProtocol.java:695)
		at org.apache.coyote.http11.AbstractHttp11Protocol.init(AbstractHttp11Protocol.java:76)
		at org.apache.catalina.connector.Connector.initInternal(Connector.java:1073)
		... 13 more
14-May-2026 17:11:02.856 INFO [main] org.apache.catalina.startup.Catalina.load Initialization processed in 282 ms
14-May-2026 17:11:02.870 INFO [main] org.apache.catalina.core.StandardService.startInternal Starting service [Catalina]
14-May-2026 17:11:02.871 INFO [main] org.apache.catalina.core.StandardEngine.startInternal Starting Servlet engine: [Apache Tomcat/8.5.96]
14-May-2026 17:11:02.876 INFO [localhost-startStop-1] org.apache.catalina.startup.HostConfig.deployDirectory Deploying web application directory [C:\xampp\tomcat\webapps\blogphim]
14-May-2026 17:11:03.175 INFO [localhost-startStop-1] org.apache.jasper.servlet.TldScanner.scanJars At least one JAR was scanned for TLDs yet contained no TLDs. Enable debug logging for this logger for a complete list of JARs that were scanned but no TLDs were found in them. Skipping unneeded JARs during scanning can improve startup time and JSP compilation time.
14-May-2026 17:11:03.283 INFO [localhost-startStop-1] org.apache.catalina.startup.HostConfig.deployDirectory Deployment of web application directory [C:\xampp\tomcat\webapps\blogphim] has finished in [406] ms
14-May-2026 17:11:03.283 INFO [localhost-startStop-1] org.apache.catalina.startup.HostConfig.deployDirectory Deploying web application directory [C:\xampp\tomcat\webapps\docs]
14-May-2026 17:11:03.296 INFO [localhost-startStop-1] org.apache.catalina.startup.HostConfig.deployDirectory Deployment of web application directory [C:\xampp\tomcat\webapps\docs] has finished in [13] ms
14-May-2026 17:11:03.296 INFO [localhost-startStop-1] org.apache.catalina.startup.HostConfig.deployDirectory Deploying web application directory [C:\xampp\tomcat\webapps\examples]
14-May-2026 17:11:03.448 INFO [localhost-startStop-1] org.apache.catalina.startup.HostConfig.deployDirectory Deployment of web application directory [C:\xampp\tomcat\webapps\examples] has finished in [152] ms
14-May-2026 17:11:03.448 INFO [localhost-startStop-1] org.apache.catalina.startup.HostConfig.deployDirectory Deploying web application directory [C:\xampp\tomcat\webapps\host-manager]
14-May-2026 17:11:03.462 INFO [localhost-startStop-1] org.apache.catalina.startup.HostConfig.deployDirectory Deployment of web application directory [C:\xampp\tomcat\webapps\host-manager] has finished in [14] ms
14-May-2026 17:11:03.462 INFO [localhost-startStop-1] org.apache.catalina.startup.HostConfig.deployDirectory Deploying web application directory [C:\xampp\tomcat\webapps\manager]
14-May-2026 17:11:03.473 INFO [localhost-startStop-1] org.apache.catalina.startup.HostConfig.deployDirectory Deployment of web application directory [C:\xampp\tomcat\webapps\manager] has finished in [11] ms
14-May-2026 17:11:03.474 INFO [localhost-startStop-1] org.apache.catalina.startup.HostConfig.deployDirectory Deploying web application directory [C:\xampp\tomcat\webapps\ROOT]
14-May-2026 17:11:03.482 INFO [localhost-startStop-1] org.apache.catalina.startup.HostConfig.deployDirectory Deployment of web application directory [C:\xampp\tomcat\webapps\ROOT] has finished in [8] ms
14-May-2026 17:11:03.483 INFO [main] org.apache.catalina.startup.Catalina.start Server startup in 625 ms
14-May-2026 17:11:03.486 SEVERE [main] org.apache.catalina.core.StandardServer.await Failed to create server shutdown socket on address [localhost] and port [8006] (base port [8006] and offset [0])
	java.net.BindException: Address already in use: JVM_Bind
		at java.net.DualStackPlainSocketImpl.bind0(Native Method)
		at java.net.DualStackPlainSocketImpl.socketBind(Unknown Source)
		at java.net.AbstractPlainSocketImpl.bind(Unknown Source)
		at java.net.PlainSocketImpl.bind(Unknown Source)
		at java.net.ServerSocket.bind(Unknown Source)
		at java.net.ServerSocket.<init>(Unknown Source)
		at org.apache.catalina.core.StandardServer.await(StandardServer.java:444)
		at org.apache.catalina.startup.Catalina.await(Catalina.java:783)
		at org.apache.catalina.startup.Catalina.start(Catalina.java:729)
		at sun.reflect.NativeMethodAccessorImpl.invoke0(Native Method)
		at sun.reflect.NativeMethodAccessorImpl.invoke(Unknown Source)
		at sun.reflect.DelegatingMethodAccessorImpl.invoke(Unknown Source)
		at java.lang.reflect.Method.invoke(Unknown Source)
		at org.apache.catalina.startup.Bootstrap.start(Bootstrap.java:347)
		at org.apache.catalina.startup.Bootstrap.main(Bootstrap.java:478)
14-May-2026 17:11:03.486 INFO [main] org.apache.coyote.AbstractProtocol.pause Pausing ProtocolHandler ["http-nio-8081"]
14-May-2026 17:11:03.487 INFO [main] org.apache.catalina.core.StandardService.stopInternal Stopping service [Catalina]
14-May-2026 17:11:03.496 INFO [main] org.apache.coyote.AbstractProtocol.stop Stopping ProtocolHandler ["http-nio-8081"]
14-May-2026 17:11:03.497 INFO [main] org.apache.coyote.AbstractProtocol.destroy Destroying ProtocolHandler ["http-nio-8081"]
14-May-2026 17:13:32.499 INFO [main] org.apache.catalina.startup.VersionLoggerListener.log Server version name:   Apache Tomcat/8.5.96
14-May-2026 17:13:32.500 INFO [main] org.apache.catalina.startup.VersionLoggerListener.log Server built:          Nov 10 2023 14:56:59 UTC
14-May-2026 17:13:32.501 INFO [main] org.apache.catalina.startup.VersionLoggerListener.log Server version number: 8.5.96.0
14-May-2026 17:13:32.502 INFO [main] org.apache.catalina.startup.VersionLoggerListener.log OS Name:               Windows 10
14-May-2026 17:13:32.502 INFO [main] org.apache.catalina.startup.VersionLoggerListener.log OS Version:            10.0
14-May-2026 17:13:32.502 INFO [main] org.apache.catalina.startup.VersionLoggerListener.log Architecture:          amd64
14-May-2026 17:13:32.502 INFO [main] org.apache.catalina.startup.VersionLoggerListener.log Java Home:             C:\Program Files\Java\jre1.8.0_251
14-May-2026 17:13:32.502 INFO [main] org.apache.catalina.startup.VersionLoggerListener.log JVM Version:           1.8.0_251-b08
14-May-2026 17:13:32.503 INFO [main] org.apache.catalina.startup.VersionLoggerListener.log JVM Vendor:            Oracle Corporation
14-May-2026 17:13:32.503 INFO [main] org.apache.catalina.startup.VersionLoggerListener.log CATALINA_BASE:         C:\xampp\tomcat
14-May-2026 17:13:32.503 INFO [main] org.apache.catalina.startup.VersionLoggerListener.log CATALINA_HOME:         C:\xampp\tomcat
14-May-2026 17:13:32.503 INFO [main] org.apache.catalina.startup.VersionLoggerListener.log Command line argument: -Djava.util.logging.config.file=c:\xampp\tomcat\conf\logging.properties
14-May-2026 17:13:32.503 INFO [main] org.apache.catalina.startup.VersionLoggerListener.log Command line argument: -Djava.util.logging.manager=org.apache.juli.ClassLoaderLogManager
14-May-2026 17:13:32.503 INFO [main] org.apache.catalina.startup.VersionLoggerListener.log Command line argument: -Djdk.tls.ephemeralDHKeySize=2048
14-May-2026 17:13:32.504 INFO [main] org.apache.catalina.startup.VersionLoggerListener.log Command line argument: -Djava.protocol.handler.pkgs=org.apache.catalina.webresources
14-May-2026 17:13:32.504 INFO [main] org.apache.catalina.startup.VersionLoggerListener.log Command line argument: -Dignore.endorsed.dirs=
14-May-2026 17:13:32.504 INFO [main] org.apache.catalina.startup.VersionLoggerListener.log Command line argument: -Dcatalina.base=c:\xampp\tomcat
14-May-2026 17:13:32.504 INFO [main] org.apache.catalina.startup.VersionLoggerListener.log Command line argument: -Dcatalina.home=c:\xampp\tomcat
14-May-2026 17:13:32.504 INFO [main] org.apache.catalina.startup.VersionLoggerListener.log Command line argument: -Djava.io.tmpdir=c:\xampp\tomcat\temp
14-May-2026 17:13:32.505 INFO [main] org.apache.catalina.core.AprLifecycleListener.lifecycleEvent The Apache Tomcat Native library which allows using OpenSSL was not found on the java.library.path: [C:\Program Files\Java\jre1.8.0_251\bin;C:\WINDOWS\Sun\Java\bin;C:\WINDOWS\system32;C:\WINDOWS;C:\Program Files\Eclipse Adoptium\jdk-25.0.3.9-hotspot\bin;C:\Program Files (x86)\Common Files\Oracle\Java\javapath;C:\Windows\system32;C:\Windows;C:\Windows\System32\Wbem;C:\Windows\System32\WindowsPowerShell\v1.0\;C:\Windows\System32\OpenSSH\;C:\Program Files (x86)\NVIDIA Corporation\PhysX\Common;C:\WINDOWS\system32;C:\WINDOWS;C:\WINDOWS\System32\Wbem;C:\WINDOWS\System32\WindowsPowerShell\v1.0\;C:\WINDOWS\System32\OpenSSH\;C:\Program Files\NVIDIA Corporation\NVIDIA app\NvDLISR;C:\Program Files\dotnet\;C:\Program Files (x86)\Windows Kits\10\Windows Performance Toolkit\;C:\Program Files\Git\cmd;C:\Program Files\Cloudflare\Cloudflare WARP\;apache-maven-3.9.15\bin;C:\Program Files\apache-maven-3.9.15;c:\Users\Acer\AppData\Roaming\Code\User\globalStorage\github.copilot-chat\debugCommand;c:\Users\Acer\AppData\Roaming\Code\User\globalStorage\github.copilot-chat\copilotCli;C:\Users\Acer\AppData\Local\Programs\Microsoft VS Code;C:\Program Files (x86)\Common Files\Oracle\Java\javapath;C:\Windows\system32;C:\Windows;C:\Windows\System32\Wbem;C:\Windows\System32\WindowsPowerShell\v1.0\;C:\Windows\System32\OpenSSH\;C:\Program Files (x86)\NVIDIA Corporation\PhysX\Common;C:\WINDOWS\system32;C:\WINDOWS;C:\WINDOWS\System32\Wbem;C:\WINDOWS\System32\WindowsPowerShell\v1.0\;C:\WINDOWS\System32\OpenSSH\;C:\Program Files\NVIDIA Corporation\NVIDIA app\NvDLISR;C:\Program Files\dotnet\;C:\Program Files (x86)\Windows Kits\10\Windows Performance Toolkit\;C:\Program Files\Git\cmd;C:\Program Files\Cloudflare\Cloudflare WARP\;apache-maven-3.9.15\bin;C:\Program Files\apache-maven-3.9.15;C:\Users\Acer\AppData\Local\Microsoft\WindowsApps;C:\Users\Acer\AppData\Local\Programs\Microsoft VS Code\bin;c:\Users\Acer\.vscode\extensions\vscjav;C:\Program Files\Eclipse Adoptium\jdk-25.0.3.9-hotspot\bin;C:\Program Files\Eclipse Adoptium\jdk-25.0.3.9-hotspot\bin;.]
14-May-2026 17:13:32.569 INFO [main] org.apache.coyote.AbstractProtocol.init Initializing ProtocolHandler ["http-nio-8081"]
14-May-2026 17:13:32.575 SEVERE [main] org.apache.catalina.core.StandardService.initInternal Failed to initialize connector [Connector["http-nio-8081"]]
	org.apache.catalina.LifecycleException: Protocol handler initialization failed
		at org.apache.catalina.connector.Connector.initInternal(Connector.java:1075)
		at org.apache.catalina.util.LifecycleBase.init(LifecycleBase.java:127)
		at org.apache.catalina.core.StandardService.initInternal(StandardService.java:564)
		at org.apache.catalina.util.LifecycleBase.init(LifecycleBase.java:127)
		at org.apache.catalina.core.StandardServer.initInternal(StandardServer.java:854)
		at org.apache.catalina.util.LifecycleBase.init(LifecycleBase.java:127)
		at org.apache.catalina.startup.Catalina.load(Catalina.java:646)
		at org.apache.catalina.startup.Catalina.load(Catalina.java:669)
		at sun.reflect.NativeMethodAccessorImpl.invoke0(Native Method)
		at sun.reflect.NativeMethodAccessorImpl.invoke(Unknown Source)
		at sun.reflect.DelegatingMethodAccessorImpl.invoke(Unknown Source)
		at java.lang.reflect.Method.invoke(Unknown Source)
		at org.apache.catalina.startup.Bootstrap.load(Bootstrap.java:307)
		at org.apache.catalina.startup.Bootstrap.main(Bootstrap.java:477)
	Caused by: java.net.BindException: Address already in use: bind
		at sun.nio.ch.Net.bind0(Native Method)
		at sun.nio.ch.Net.bind(Unknown Source)
		at sun.nio.ch.Net.bind(Unknown Source)
		at sun.nio.ch.ServerSocketChannelImpl.bind(Unknown Source)
		at sun.nio.ch.ServerSocketAdaptor.bind(Unknown Source)
		at org.apache.tomcat.util.net.NioEndpoint.initServerSocket(NioEndpoint.java:226)
		at org.apache.tomcat.util.net.NioEndpoint.bind(NioEndpoint.java:202)
		at org.apache.tomcat.util.net.AbstractEndpoint.bindWithCleanup(AbstractEndpoint.java:1326)
		at org.apache.tomcat.util.net.AbstractEndpoint.init(AbstractEndpoint.java:1339)
		at org.apache.tomcat.util.net.AbstractJsseEndpoint.init(AbstractJsseEndpoint.java:231)
		at org.apache.coyote.AbstractProtocol.init(AbstractProtocol.java:695)
		at org.apache.coyote.http11.AbstractHttp11Protocol.init(AbstractHttp11Protocol.java:76)
		at org.apache.catalina.connector.Connector.initInternal(Connector.java:1073)
		... 13 more
14-May-2026 17:13:32.576 INFO [main] org.apache.catalina.startup.Catalina.load Initialization processed in 276 ms
14-May-2026 17:13:32.590 INFO [main] org.apache.catalina.core.StandardService.startInternal Starting service [Catalina]
14-May-2026 17:13:32.591 INFO [main] org.apache.catalina.core.StandardEngine.startInternal Starting Servlet engine: [Apache Tomcat/8.5.96]
14-May-2026 17:13:32.597 INFO [localhost-startStop-1] org.apache.catalina.startup.HostConfig.deployDirectory Deploying web application directory [C:\xampp\tomcat\webapps\blogphim]
14-May-2026 17:13:32.909 INFO [localhost-startStop-1] org.apache.jasper.servlet.TldScanner.scanJars At least one JAR was scanned for TLDs yet contained no TLDs. Enable debug logging for this logger for a complete list of JARs that were scanned but no TLDs were found in them. Skipping unneeded JARs during scanning can improve startup time and JSP compilation time.
14-May-2026 17:13:33.013 INFO [localhost-startStop-1] org.apache.catalina.startup.HostConfig.deployDirectory Deployment of web application directory [C:\xampp\tomcat\webapps\blogphim] has finished in [417] ms
14-May-2026 17:13:33.013 INFO [localhost-startStop-1] org.apache.catalina.startup.HostConfig.deployDirectory Deploying web application directory [C:\xampp\tomcat\webapps\docs]
14-May-2026 17:13:33.026 INFO [localhost-startStop-1] org.apache.catalina.startup.HostConfig.deployDirectory Deployment of web application directory [C:\xampp\tomcat\webapps\docs] has finished in [13] ms
14-May-2026 17:13:33.026 INFO [localhost-startStop-1] org.apache.catalina.startup.HostConfig.deployDirectory Deploying web application directory [C:\xampp\tomcat\webapps\examples]
14-May-2026 17:13:33.220 INFO [localhost-startStop-1] org.apache.catalina.startup.HostConfig.deployDirectory Deployment of web application directory [C:\xampp\tomcat\webapps\examples] has finished in [194] ms
14-May-2026 17:13:33.221 INFO [localhost-startStop-1] org.apache.catalina.startup.HostConfig.deployDirectory Deploying web application directory [C:\xampp\tomcat\webapps\host-manager]
14-May-2026 17:13:33.234 INFO [localhost-startStop-1] org.apache.catalina.startup.HostConfig.deployDirectory Deployment of web application directory [C:\xampp\tomcat\webapps\host-manager] has finished in [13] ms
14-May-2026 17:13:33.234 INFO [localhost-startStop-1] org.apache.catalina.startup.HostConfig.deployDirectory Deploying web application directory [C:\xampp\tomcat\webapps\manager]
14-May-2026 17:13:33.247 INFO [localhost-startStop-1] org.apache.catalina.startup.HostConfig.deployDirectory Deployment of web application directory [C:\xampp\tomcat\webapps\manager] has finished in [13] ms
14-May-2026 17:13:33.247 INFO [localhost-startStop-1] org.apache.catalina.startup.HostConfig.deployDirectory Deploying web application directory [C:\xampp\tomcat\webapps\ROOT]
14-May-2026 17:13:33.257 INFO [localhost-startStop-1] org.apache.catalina.startup.HostConfig.deployDirectory Deployment of web application directory [C:\xampp\tomcat\webapps\ROOT] has finished in [10] ms
14-May-2026 17:13:33.259 INFO [main] org.apache.catalina.startup.Catalina.start Server startup in 682 ms
14-May-2026 17:13:33.261 SEVERE [main] org.apache.catalina.core.StandardServer.await Failed to create server shutdown socket on address [localhost] and port [8006] (base port [8006] and offset [0])
	java.net.BindException: Address already in use: JVM_Bind
		at java.net.DualStackPlainSocketImpl.bind0(Native Method)
		at java.net.DualStackPlainSocketImpl.socketBind(Unknown Source)
		at java.net.AbstractPlainSocketImpl.bind(Unknown Source)
		at java.net.PlainSocketImpl.bind(Unknown Source)
		at java.net.ServerSocket.bind(Unknown Source)
		at java.net.ServerSocket.<init>(Unknown Source)
		at org.apache.catalina.core.StandardServer.await(StandardServer.java:444)
		at org.apache.catalina.startup.Catalina.await(Catalina.java:783)
		at org.apache.catalina.startup.Catalina.start(Catalina.java:729)
		at sun.reflect.NativeMethodAccessorImpl.invoke0(Native Method)
		at sun.reflect.NativeMethodAccessorImpl.invoke(Unknown Source)
		at sun.reflect.DelegatingMethodAccessorImpl.invoke(Unknown Source)
		at java.lang.reflect.Method.invoke(Unknown Source)
		at org.apache.catalina.startup.Bootstrap.start(Bootstrap.java:347)
		at org.apache.catalina.startup.Bootstrap.main(Bootstrap.java:478)
14-May-2026 17:13:33.262 INFO [main] org.apache.coyote.AbstractProtocol.pause Pausing ProtocolHandler ["http-nio-8081"]
14-May-2026 17:13:33.262 INFO [main] org.apache.catalina.core.StandardService.stopInternal Stopping service [Catalina]
14-May-2026 17:13:33.272 INFO [main] org.apache.coyote.AbstractProtocol.stop Stopping ProtocolHandler ["http-nio-8081"]
14-May-2026 17:13:33.273 INFO [main] org.apache.coyote.AbstractProtocol.destroy Destroying ProtocolHandler ["http-nio-8081"]
14-May-2026 17:33:01.724 INFO [main] org.apache.catalina.startup.VersionLoggerListener.log Server version name:   Apache Tomcat/8.5.96
14-May-2026 17:33:01.726 INFO [main] org.apache.catalina.startup.VersionLoggerListener.log Server built:          Nov 10 2023 14:56:59 UTC
14-May-2026 17:33:01.727 INFO [main] org.apache.catalina.startup.VersionLoggerListener.log Server version number: 8.5.96.0
14-May-2026 17:33:01.728 INFO [main] org.apache.catalina.startup.VersionLoggerListener.log OS Name:               Windows 10
14-May-2026 17:33:01.728 INFO [main] org.apache.catalina.startup.VersionLoggerListener.log OS Version:            10.0
14-May-2026 17:33:01.728 INFO [main] org.apache.catalina.startup.VersionLoggerListener.log Architecture:          amd64
14-May-2026 17:33:01.728 INFO [main] org.apache.catalina.startup.VersionLoggerListener.log Java Home:             C:\Program Files\Java\jre1.8.0_251
14-May-2026 17:33:01.728 INFO [main] org.apache.catalina.startup.VersionLoggerListener.log JVM Version:           1.8.0_251-b08
14-May-2026 17:33:01.728 INFO [main] org.apache.catalina.startup.VersionLoggerListener.log JVM Vendor:            Oracle Corporation
14-May-2026 17:33:01.729 INFO [main] org.apache.catalina.startup.VersionLoggerListener.log CATALINA_BASE:         C:\xampp\tomcat
14-May-2026 17:33:01.729 INFO [main] org.apache.catalina.startup.VersionLoggerListener.log CATALINA_HOME:         C:\xampp\tomcat
14-May-2026 17:33:01.729 INFO [main] org.apache.catalina.startup.VersionLoggerListener.log Command line argument: -Djava.util.logging.config.file=c:\xampp\tomcat\conf\logging.properties
14-May-2026 17:33:01.729 INFO [main] org.apache.catalina.startup.VersionLoggerListener.log Command line argument: -Djava.util.logging.manager=org.apache.juli.ClassLoaderLogManager
14-May-2026 17:33:01.729 INFO [main] org.apache.catalina.startup.VersionLoggerListener.log Command line argument: -Djdk.tls.ephemeralDHKeySize=2048
14-May-2026 17:33:01.730 INFO [main] org.apache.catalina.startup.VersionLoggerListener.log Command line argument: -Djava.protocol.handler.pkgs=org.apache.catalina.webresources
14-May-2026 17:33:01.730 INFO [main] org.apache.catalina.startup.VersionLoggerListener.log Command line argument: -Dignore.endorsed.dirs=
14-May-2026 17:33:01.730 INFO [main] org.apache.catalina.startup.VersionLoggerListener.log Command line argument: -Dcatalina.base=c:\xampp\tomcat
14-May-2026 17:33:01.730 INFO [main] org.apache.catalina.startup.VersionLoggerListener.log Command line argument: -Dcatalina.home=c:\xampp\tomcat
14-May-2026 17:33:01.730 INFO [main] org.apache.catalina.startup.VersionLoggerListener.log Command line argument: -Djava.io.tmpdir=c:\xampp\tomcat\temp
14-May-2026 17:33:01.730 INFO [main] org.apache.catalina.core.AprLifecycleListener.lifecycleEvent The Apache Tomcat Native library which allows using OpenSSL was not found on the java.library.path: [C:\Program Files\Java\jre1.8.0_251\bin;C:\WINDOWS\Sun\Java\bin;C:\WINDOWS\system32;C:\WINDOWS;C:\Program Files\Eclipse Adoptium\jdk-25.0.3.9-hotspot\bin;C:\Program Files (x86)\Common Files\Oracle\Java\javapath;C:\Windows\system32;C:\Windows;C:\Windows\System32\Wbem;C:\Windows\System32\WindowsPowerShell\v1.0\;C:\Windows\System32\OpenSSH\;C:\Program Files (x86)\NVIDIA Corporation\PhysX\Common;C:\WINDOWS\system32;C:\WINDOWS;C:\WINDOWS\System32\Wbem;C:\WINDOWS\System32\WindowsPowerShell\v1.0\;C:\WINDOWS\System32\OpenSSH\;C:\Program Files\NVIDIA Corporation\NVIDIA app\NvDLISR;C:\Program Files\dotnet\;C:\Program Files (x86)\Windows Kits\10\Windows Performance Toolkit\;C:\Program Files\Git\cmd;C:\Program Files\Cloudflare\Cloudflare WARP\;apache-maven-3.9.15\bin;C:\Program Files\apache-maven-3.9.15;c:\Users\Acer\AppData\Roaming\Code\User\globalStorage\github.copilot-chat\debugCommand;c:\Users\Acer\AppData\Roaming\Code\User\globalStorage\github.copilot-chat\copilotCli;C:\Users\Acer\AppData\Local\Programs\Microsoft VS Code;C:\Program Files (x86)\Common Files\Oracle\Java\javapath;C:\Windows\system32;C:\Windows;C:\Windows\System32\Wbem;C:\Windows\System32\WindowsPowerShell\v1.0\;C:\Windows\System32\OpenSSH\;C:\Program Files (x86)\NVIDIA Corporation\PhysX\Common;C:\WINDOWS\system32;C:\WINDOWS;C:\WINDOWS\System32\Wbem;C:\WINDOWS\System32\WindowsPowerShell\v1.0\;C:\WINDOWS\System32\OpenSSH\;C:\Program Files\NVIDIA Corporation\NVIDIA app\NvDLISR;C:\Program Files\dotnet\;C:\Program Files (x86)\Windows Kits\10\Windows Performance Toolkit\;C:\Program Files\Git\cmd;C:\Program Files\Cloudflare\Cloudflare WARP\;apache-maven-3.9.15\bin;C:\Program Files\apache-maven-3.9.15;C:\Users\Acer\AppData\Local\Microsoft\WindowsApps;C:\Users\Acer\AppData\Local\Programs\Microsoft VS Code\bin;c:\Users\Acer\.vscode\extensions\vscjav;C:\Program Files\Eclipse Adoptium\jdk-25.0.3.9-hotspot\bin;C:\Program Files\Eclipse Adoptium\jdk-25.0.3.9-hotspot\bin;.]
14-May-2026 17:33:01.794 INFO [main] org.apache.coyote.AbstractProtocol.init Initializing ProtocolHandler ["http-nio-8081"]
14-May-2026 17:33:01.800 SEVERE [main] org.apache.catalina.core.StandardService.initInternal Failed to initialize connector [Connector["http-nio-8081"]]
	org.apache.catalina.LifecycleException: Protocol handler initialization failed
		at org.apache.catalina.connector.Connector.initInternal(Connector.java:1075)
		at org.apache.catalina.util.LifecycleBase.init(LifecycleBase.java:127)
		at org.apache.catalina.core.StandardService.initInternal(StandardService.java:564)
		at org.apache.catalina.util.LifecycleBase.init(LifecycleBase.java:127)
		at org.apache.catalina.core.StandardServer.initInternal(StandardServer.java:854)
		at org.apache.catalina.util.LifecycleBase.init(LifecycleBase.java:127)
		at org.apache.catalina.startup.Catalina.load(Catalina.java:646)
		at org.apache.catalina.startup.Catalina.load(Catalina.java:669)
		at sun.reflect.NativeMethodAccessorImpl.invoke0(Native Method)
		at sun.reflect.NativeMethodAccessorImpl.invoke(Unknown Source)
		at sun.reflect.DelegatingMethodAccessorImpl.invoke(Unknown Source)
		at java.lang.reflect.Method.invoke(Unknown Source)
		at org.apache.catalina.startup.Bootstrap.load(Bootstrap.java:307)
		at org.apache.catalina.startup.Bootstrap.main(Bootstrap.java:477)
	Caused by: java.net.BindException: Address already in use: bind
		at sun.nio.ch.Net.bind0(Native Method)
		at sun.nio.ch.Net.bind(Unknown Source)
		at sun.nio.ch.Net.bind(Unknown Source)
		at sun.nio.ch.ServerSocketChannelImpl.bind(Unknown Source)
		at sun.nio.ch.ServerSocketAdaptor.bind(Unknown Source)
		at org.apache.tomcat.util.net.NioEndpoint.initServerSocket(NioEndpoint.java:226)
		at org.apache.tomcat.util.net.NioEndpoint.bind(NioEndpoint.java:202)
		at org.apache.tomcat.util.net.AbstractEndpoint.bindWithCleanup(AbstractEndpoint.java:1326)
		at org.apache.tomcat.util.net.AbstractEndpoint.init(AbstractEndpoint.java:1339)
		at org.apache.tomcat.util.net.AbstractJsseEndpoint.init(AbstractJsseEndpoint.java:231)
		at org.apache.coyote.AbstractProtocol.init(AbstractProtocol.java:695)
		at org.apache.coyote.http11.AbstractHttp11Protocol.init(AbstractHttp11Protocol.java:76)
		at org.apache.catalina.connector.Connector.initInternal(Connector.java:1073)
		... 13 more
14-May-2026 17:33:01.801 INFO [main] org.apache.catalina.startup.Catalina.load Initialization processed in 280 ms
14-May-2026 17:33:01.814 INFO [main] org.apache.catalina.core.StandardService.startInternal Starting service [Catalina]
14-May-2026 17:33:01.814 INFO [main] org.apache.catalina.core.StandardEngine.startInternal Starting Servlet engine: [Apache Tomcat/8.5.96]
14-May-2026 17:33:01.820 INFO [localhost-startStop-1] org.apache.catalina.startup.HostConfig.deployDirectory Deploying web application directory [C:\xampp\tomcat\webapps\blogphim]
14-May-2026 17:33:02.119 INFO [localhost-startStop-1] org.apache.jasper.servlet.TldScanner.scanJars At least one JAR was scanned for TLDs yet contained no TLDs. Enable debug logging for this logger for a complete list of JARs that were scanned but no TLDs were found in them. Skipping unneeded JARs during scanning can improve startup time and JSP compilation time.
14-May-2026 17:33:02.229 INFO [localhost-startStop-1] org.apache.catalina.startup.HostConfig.deployDirectory Deployment of web application directory [C:\xampp\tomcat\webapps\blogphim] has finished in [408] ms
14-May-2026 17:33:02.229 INFO [localhost-startStop-1] org.apache.catalina.startup.HostConfig.deployDirectory Deploying web application directory [C:\xampp\tomcat\webapps\docs]
14-May-2026 17:33:02.242 INFO [localhost-startStop-1] org.apache.catalina.startup.HostConfig.deployDirectory Deployment of web application directory [C:\xampp\tomcat\webapps\docs] has finished in [13] ms
14-May-2026 17:33:02.242 INFO [localhost-startStop-1] org.apache.catalina.startup.HostConfig.deployDirectory Deploying web application directory [C:\xampp\tomcat\webapps\examples]
14-May-2026 17:33:02.397 INFO [localhost-startStop-1] org.apache.catalina.startup.HostConfig.deployDirectory Deployment of web application directory [C:\xampp\tomcat\webapps\examples] has finished in [155] ms
14-May-2026 17:33:02.398 INFO [localhost-startStop-1] org.apache.catalina.startup.HostConfig.deployDirectory Deploying web application directory [C:\xampp\tomcat\webapps\host-manager]
14-May-2026 17:33:02.411 INFO [localhost-startStop-1] org.apache.catalina.startup.HostConfig.deployDirectory Deployment of web application directory [C:\xampp\tomcat\webapps\host-manager] has finished in [13] ms
14-May-2026 17:33:02.411 INFO [localhost-startStop-1] org.apache.catalina.startup.HostConfig.deployDirectory Deploying web application directory [C:\xampp\tomcat\webapps\manager]
14-May-2026 17:33:02.423 INFO [localhost-startStop-1] org.apache.catalina.startup.HostConfig.deployDirectory Deployment of web application directory [C:\xampp\tomcat\webapps\manager] has finished in [12] ms
14-May-2026 17:33:02.423 INFO [localhost-startStop-1] org.apache.catalina.startup.HostConfig.deployDirectory Deploying web application directory [C:\xampp\tomcat\webapps\ROOT]
14-May-2026 17:33:02.432 INFO [localhost-startStop-1] org.apache.catalina.startup.HostConfig.deployDirectory Deployment of web application directory [C:\xampp\tomcat\webapps\ROOT] has finished in [9] ms
14-May-2026 17:33:02.434 INFO [main] org.apache.catalina.startup.Catalina.start Server startup in 632 ms
14-May-2026 17:33:02.437 SEVERE [main] org.apache.catalina.core.StandardServer.await Failed to create server shutdown socket on address [localhost] and port [8006] (base port [8006] and offset [0])
	java.net.BindException: Address already in use: JVM_Bind
		at java.net.DualStackPlainSocketImpl.bind0(Native Method)
		at java.net.DualStackPlainSocketImpl.socketBind(Unknown Source)
		at java.net.AbstractPlainSocketImpl.bind(Unknown Source)
		at java.net.PlainSocketImpl.bind(Unknown Source)
		at java.net.ServerSocket.bind(Unknown Source)
		at java.net.ServerSocket.<init>(Unknown Source)
		at org.apache.catalina.core.StandardServer.await(StandardServer.java:444)
		at org.apache.catalina.startup.Catalina.await(Catalina.java:783)
		at org.apache.catalina.startup.Catalina.start(Catalina.java:729)
		at sun.reflect.NativeMethodAccessorImpl.invoke0(Native Method)
		at sun.reflect.NativeMethodAccessorImpl.invoke(Unknown Source)
		at sun.reflect.DelegatingMethodAccessorImpl.invoke(Unknown Source)
		at java.lang.reflect.Method.invoke(Unknown Source)
		at org.apache.catalina.startup.Bootstrap.start(Bootstrap.java:347)
		at org.apache.catalina.startup.Bootstrap.main(Bootstrap.java:478)
14-May-2026 17:33:02.437 INFO [main] org.apache.coyote.AbstractProtocol.pause Pausing ProtocolHandler ["http-nio-8081"]
14-May-2026 17:33:02.437 INFO [main] org.apache.catalina.core.StandardService.stopInternal Stopping service [Catalina]
14-May-2026 17:33:02.447 INFO [main] org.apache.coyote.AbstractProtocol.stop Stopping ProtocolHandler ["http-nio-8081"]
14-May-2026 17:33:02.448 INFO [main] org.apache.coyote.AbstractProtocol.destroy Destroying ProtocolHandler ["http-nio-8081"]
14-May-2026 17:33:12.964 INFO [main] org.apache.catalina.startup.VersionLoggerListener.log Server version name:   Apache Tomcat/8.5.96
14-May-2026 17:33:12.966 INFO [main] org.apache.catalina.startup.VersionLoggerListener.log Server built:          Nov 10 2023 14:56:59 UTC
14-May-2026 17:33:12.966 INFO [main] org.apache.catalina.startup.VersionLoggerListener.log Server version number: 8.5.96.0
14-May-2026 17:33:12.966 INFO [main] org.apache.catalina.startup.VersionLoggerListener.log OS Name:               Windows 10
14-May-2026 17:33:12.966 INFO [main] org.apache.catalina.startup.VersionLoggerListener.log OS Version:            10.0
14-May-2026 17:33:12.966 INFO [main] org.apache.catalina.startup.VersionLoggerListener.log Architecture:          amd64
14-May-2026 17:33:12.966 INFO [main] org.apache.catalina.startup.VersionLoggerListener.log Java Home:             C:\Program Files\Java\jre1.8.0_251
14-May-2026 17:33:12.966 INFO [main] org.apache.catalina.startup.VersionLoggerListener.log JVM Version:           1.8.0_251-b08
14-May-2026 17:33:12.966 INFO [main] org.apache.catalina.startup.VersionLoggerListener.log JVM Vendor:            Oracle Corporation
14-May-2026 17:33:12.966 INFO [main] org.apache.catalina.startup.VersionLoggerListener.log CATALINA_BASE:         C:\xampp\tomcat
14-May-2026 17:33:12.966 INFO [main] org.apache.catalina.startup.VersionLoggerListener.log CATALINA_HOME:         C:\xampp\tomcat
14-May-2026 17:33:12.967 INFO [main] org.apache.catalina.startup.VersionLoggerListener.log Command line argument: -Djava.util.logging.config.file=c:\xampp\tomcat\conf\logging.properties
14-May-2026 17:33:12.967 INFO [main] org.apache.catalina.startup.VersionLoggerListener.log Command line argument: -Djava.util.logging.manager=org.apache.juli.ClassLoaderLogManager
14-May-2026 17:33:12.967 INFO [main] org.apache.catalina.startup.VersionLoggerListener.log Command line argument: -Djdk.tls.ephemeralDHKeySize=2048
14-May-2026 17:33:12.967 INFO [main] org.apache.catalina.startup.VersionLoggerListener.log Command line argument: -Djava.protocol.handler.pkgs=org.apache.catalina.webresources
14-May-2026 17:33:12.967 INFO [main] org.apache.catalina.startup.VersionLoggerListener.log Command line argument: -Dignore.endorsed.dirs=
14-May-2026 17:33:12.967 INFO [main] org.apache.catalina.startup.VersionLoggerListener.log Command line argument: -Dcatalina.base=c:\xampp\tomcat
14-May-2026 17:33:12.967 INFO [main] org.apache.catalina.startup.VersionLoggerListener.log Command line argument: -Dcatalina.home=c:\xampp\tomcat
14-May-2026 17:33:12.967 INFO [main] org.apache.catalina.startup.VersionLoggerListener.log Command line argument: -Djava.io.tmpdir=c:\xampp\tomcat\temp
14-May-2026 17:33:12.968 INFO [main] org.apache.catalina.core.AprLifecycleListener.lifecycleEvent The Apache Tomcat Native library which allows using OpenSSL was not found on the java.library.path: [C:\Program Files\Java\jre1.8.0_251\bin;C:\WINDOWS\Sun\Java\bin;C:\WINDOWS\system32;C:\WINDOWS;C:\Program Files\Eclipse Adoptium\jdk-25.0.3.9-hotspot\bin;C:\Program Files (x86)\Common Files\Oracle\Java\javapath;C:\Windows\system32;C:\Windows;C:\Windows\System32\Wbem;C:\Windows\System32\WindowsPowerShell\v1.0\;C:\Windows\System32\OpenSSH\;C:\Program Files (x86)\NVIDIA Corporation\PhysX\Common;C:\WINDOWS\system32;C:\WINDOWS;C:\WINDOWS\System32\Wbem;C:\WINDOWS\System32\WindowsPowerShell\v1.0\;C:\WINDOWS\System32\OpenSSH\;C:\Program Files\NVIDIA Corporation\NVIDIA app\NvDLISR;C:\Program Files\dotnet\;C:\Program Files (x86)\Windows Kits\10\Windows Performance Toolkit\;C:\Program Files\Git\cmd;C:\Program Files\Cloudflare\Cloudflare WARP\;apache-maven-3.9.15\bin;C:\Program Files\apache-maven-3.9.15;c:\Users\Acer\AppData\Roaming\Code\User\globalStorage\github.copilot-chat\debugCommand;c:\Users\Acer\AppData\Roaming\Code\User\globalStorage\github.copilot-chat\copilotCli;C:\Users\Acer\AppData\Local\Programs\Microsoft VS Code;C:\Program Files (x86)\Common Files\Oracle\Java\javapath;C:\Windows\system32;C:\Windows;C:\Windows\System32\Wbem;C:\Windows\System32\WindowsPowerShell\v1.0\;C:\Windows\System32\OpenSSH\;C:\Program Files (x86)\NVIDIA Corporation\PhysX\Common;C:\WINDOWS\system32;C:\WINDOWS;C:\WINDOWS\System32\Wbem;C:\WINDOWS\System32\WindowsPowerShell\v1.0\;C:\WINDOWS\System32\OpenSSH\;C:\Program Files\NVIDIA Corporation\NVIDIA app\NvDLISR;C:\Program Files\dotnet\;C:\Program Files (x86)\Windows Kits\10\Windows Performance Toolkit\;C:\Program Files\Git\cmd;C:\Program Files\Cloudflare\Cloudflare WARP\;apache-maven-3.9.15\bin;C:\Program Files\apache-maven-3.9.15;C:\Users\Acer\AppData\Local\Microsoft\WindowsApps;C:\Users\Acer\AppData\Local\Programs\Microsoft VS Code\bin;c:\Users\Acer\.vscode\extensions\vscjav;C:\Program Files\Eclipse Adoptium\jdk-25.0.3.9-hotspot\bin;C:\Program Files\Eclipse Adoptium\jdk-25.0.3.9-hotspot\bin;.]
14-May-2026 17:33:13.035 INFO [main] org.apache.coyote.AbstractProtocol.init Initializing ProtocolHandler ["http-nio-8081"]
14-May-2026 17:33:13.041 SEVERE [main] org.apache.catalina.core.StandardService.initInternal Failed to initialize connector [Connector["http-nio-8081"]]
	org.apache.catalina.LifecycleException: Protocol handler initialization failed
		at org.apache.catalina.connector.Connector.initInternal(Connector.java:1075)
		at org.apache.catalina.util.LifecycleBase.init(LifecycleBase.java:127)
		at org.apache.catalina.core.StandardService.initInternal(StandardService.java:564)
		at org.apache.catalina.util.LifecycleBase.init(LifecycleBase.java:127)
		at org.apache.catalina.core.StandardServer.initInternal(StandardServer.java:854)
		at org.apache.catalina.util.LifecycleBase.init(LifecycleBase.java:127)
		at org.apache.catalina.startup.Catalina.load(Catalina.java:646)
		at org.apache.catalina.startup.Catalina.load(Catalina.java:669)
		at sun.reflect.NativeMethodAccessorImpl.invoke0(Native Method)
		at sun.reflect.NativeMethodAccessorImpl.invoke(Unknown Source)
		at sun.reflect.DelegatingMethodAccessorImpl.invoke(Unknown Source)
		at java.lang.reflect.Method.invoke(Unknown Source)
		at org.apache.catalina.startup.Bootstrap.load(Bootstrap.java:307)
		at org.apache.catalina.startup.Bootstrap.main(Bootstrap.java:477)
	Caused by: java.net.BindException: Address already in use: bind
		at sun.nio.ch.Net.bind0(Native Method)
		at sun.nio.ch.Net.bind(Unknown Source)
		at sun.nio.ch.Net.bind(Unknown Source)
		at sun.nio.ch.ServerSocketChannelImpl.bind(Unknown Source)
		at sun.nio.ch.ServerSocketAdaptor.bind(Unknown Source)
		at org.apache.tomcat.util.net.NioEndpoint.initServerSocket(NioEndpoint.java:226)
		at org.apache.tomcat.util.net.NioEndpoint.bind(NioEndpoint.java:202)
		at org.apache.tomcat.util.net.AbstractEndpoint.bindWithCleanup(AbstractEndpoint.java:1326)
		at org.apache.tomcat.util.net.AbstractEndpoint.init(AbstractEndpoint.java:1339)
		at org.apache.tomcat.util.net.AbstractJsseEndpoint.init(AbstractJsseEndpoint.java:231)
		at org.apache.coyote.AbstractProtocol.init(AbstractProtocol.java:695)
		at org.apache.coyote.http11.AbstractHttp11Protocol.init(AbstractHttp11Protocol.java:76)
		at org.apache.catalina.connector.Connector.initInternal(Connector.java:1073)
		... 13 more
14-May-2026 17:33:13.042 INFO [main] org.apache.catalina.startup.Catalina.load Initialization processed in 300 ms
14-May-2026 17:33:13.056 INFO [main] org.apache.catalina.core.StandardService.startInternal Starting service [Catalina]
14-May-2026 17:33:13.056 INFO [main] org.apache.catalina.core.StandardEngine.startInternal Starting Servlet engine: [Apache Tomcat/8.5.96]
14-May-2026 17:33:13.062 INFO [localhost-startStop-1] org.apache.catalina.startup.HostConfig.deployDirectory Deploying web application directory [C:\xampp\tomcat\webapps\blogphim]
14-May-2026 17:33:13.382 INFO [localhost-startStop-1] org.apache.jasper.servlet.TldScanner.scanJars At least one JAR was scanned for TLDs yet contained no TLDs. Enable debug logging for this logger for a complete list of JARs that were scanned but no TLDs were found in them. Skipping unneeded JARs during scanning can improve startup time and JSP compilation time.
14-May-2026 17:33:13.495 INFO [localhost-startStop-1] org.apache.catalina.startup.HostConfig.deployDirectory Deployment of web application directory [C:\xampp\tomcat\webapps\blogphim] has finished in [433] ms
14-May-2026 17:33:13.495 INFO [localhost-startStop-1] org.apache.catalina.startup.HostConfig.deployDirectory Deploying web application directory [C:\xampp\tomcat\webapps\docs]
14-May-2026 17:33:13.511 INFO [localhost-startStop-1] org.apache.catalina.startup.HostConfig.deployDirectory Deployment of web application directory [C:\xampp\tomcat\webapps\docs] has finished in [16] ms
14-May-2026 17:33:13.511 INFO [localhost-startStop-1] org.apache.catalina.startup.HostConfig.deployDirectory Deploying web application directory [C:\xampp\tomcat\webapps\examples]
14-May-2026 17:33:13.686 INFO [localhost-startStop-1] org.apache.catalina.startup.HostConfig.deployDirectory Deployment of web application directory [C:\xampp\tomcat\webapps\examples] has finished in [175] ms
14-May-2026 17:33:13.686 INFO [localhost-startStop-1] org.apache.catalina.startup.HostConfig.deployDirectory Deploying web application directory [C:\xampp\tomcat\webapps\host-manager]
14-May-2026 17:33:13.701 INFO [localhost-startStop-1] org.apache.catalina.startup.HostConfig.deployDirectory Deployment of web application directory [C:\xampp\tomcat\webapps\host-manager] has finished in [14] ms
14-May-2026 17:33:13.701 INFO [localhost-startStop-1] org.apache.catalina.startup.HostConfig.deployDirectory Deploying web application directory [C:\xampp\tomcat\webapps\manager]
14-May-2026 17:33:13.715 INFO [localhost-startStop-1] org.apache.catalina.startup.HostConfig.deployDirectory Deployment of web application directory [C:\xampp\tomcat\webapps\manager] has finished in [14] ms
14-May-2026 17:33:13.715 INFO [localhost-startStop-1] org.apache.catalina.startup.HostConfig.deployDirectory Deploying web application directory [C:\xampp\tomcat\webapps\ROOT]
14-May-2026 17:33:13.724 INFO [localhost-startStop-1] org.apache.catalina.startup.HostConfig.deployDirectory Deployment of web application directory [C:\xampp\tomcat\webapps\ROOT] has finished in [9] ms
14-May-2026 17:33:13.726 INFO [main] org.apache.catalina.startup.Catalina.start Server startup in 683 ms
14-May-2026 17:33:13.729 SEVERE [main] org.apache.catalina.core.StandardServer.await Failed to create server shutdown socket on address [localhost] and port [8006] (base port [8006] and offset [0])
	java.net.BindException: Address already in use: JVM_Bind
		at java.net.DualStackPlainSocketImpl.bind0(Native Method)
		at java.net.DualStackPlainSocketImpl.socketBind(Unknown Source)
		at java.net.AbstractPlainSocketImpl.bind(Unknown Source)
		at java.net.PlainSocketImpl.bind(Unknown Source)
		at java.net.ServerSocket.bind(Unknown Source)
		at java.net.ServerSocket.<init>(Unknown Source)
		at org.apache.catalina.core.StandardServer.await(StandardServer.java:444)
		at org.apache.catalina.startup.Catalina.await(Catalina.java:783)
		at org.apache.catalina.startup.Catalina.start(Catalina.java:729)
		at sun.reflect.NativeMethodAccessorImpl.invoke0(Native Method)
		at sun.reflect.NativeMethodAccessorImpl.invoke(Unknown Source)
		at sun.reflect.DelegatingMethodAccessorImpl.invoke(Unknown Source)
		at java.lang.reflect.Method.invoke(Unknown Source)
		at org.apache.catalina.startup.Bootstrap.start(Bootstrap.java:347)
		at org.apache.catalina.startup.Bootstrap.main(Bootstrap.java:478)
14-May-2026 17:33:13.729 INFO [main] org.apache.coyote.AbstractProtocol.pause Pausing ProtocolHandler ["http-nio-8081"]
14-May-2026 17:33:13.729 INFO [main] org.apache.catalina.core.StandardService.stopInternal Stopping service [Catalina]
14-May-2026 17:33:13.741 INFO [main] org.apache.coyote.AbstractProtocol.stop Stopping ProtocolHandler ["http-nio-8081"]
14-May-2026 17:33:13.742 INFO [main] org.apache.coyote.AbstractProtocol.destroy Destroying ProtocolHandler ["http-nio-8081"]
14-May-2026 17:33:14.884 INFO [main] org.apache.catalina.startup.VersionLoggerListener.log Server version name:   Apache Tomcat/8.5.96
14-May-2026 17:33:14.886 INFO [main] org.apache.catalina.startup.VersionLoggerListener.log Server built:          Nov 10 2023 14:56:59 UTC
14-May-2026 17:33:14.887 INFO [main] org.apache.catalina.startup.VersionLoggerListener.log Server version number: 8.5.96.0
14-May-2026 17:33:14.887 INFO [main] org.apache.catalina.startup.VersionLoggerListener.log OS Name:               Windows 10
14-May-2026 17:33:14.887 INFO [main] org.apache.catalina.startup.VersionLoggerListener.log OS Version:            10.0
14-May-2026 17:33:14.888 INFO [main] org.apache.catalina.startup.VersionLoggerListener.log Architecture:          amd64
14-May-2026 17:33:14.888 INFO [main] org.apache.catalina.startup.VersionLoggerListener.log Java Home:             C:\Program Files\Java\jre1.8.0_251
14-May-2026 17:33:14.888 INFO [main] org.apache.catalina.startup.VersionLoggerListener.log JVM Version:           1.8.0_251-b08
14-May-2026 17:33:14.888 INFO [main] org.apache.catalina.startup.VersionLoggerListener.log JVM Vendor:            Oracle Corporation
14-May-2026 17:33:14.888 INFO [main] org.apache.catalina.startup.VersionLoggerListener.log CATALINA_BASE:         C:\xampp\tomcat
14-May-2026 17:33:14.889 INFO [main] org.apache.catalina.startup.VersionLoggerListener.log CATALINA_HOME:         C:\xampp\tomcat
14-May-2026 17:33:14.889 INFO [main] org.apache.catalina.startup.VersionLoggerListener.log Command line argument: -Djava.util.logging.config.file=c:\xampp\tomcat\conf\logging.properties
14-May-2026 17:33:14.889 INFO [main] org.apache.catalina.startup.VersionLoggerListener.log Command line argument: -Djava.util.logging.manager=org.apache.juli.ClassLoaderLogManager
14-May-2026 17:33:14.889 INFO [main] org.apache.catalina.startup.VersionLoggerListener.log Command line argument: -Djdk.tls.ephemeralDHKeySize=2048
14-May-2026 17:33:14.889 INFO [main] org.apache.catalina.startup.VersionLoggerListener.log Command line argument: -Djava.protocol.handler.pkgs=org.apache.catalina.webresources
14-May-2026 17:33:14.889 INFO [main] org.apache.catalina.startup.VersionLoggerListener.log Command line argument: -Dignore.endorsed.dirs=
14-May-2026 17:33:14.890 INFO [main] org.apache.catalina.startup.VersionLoggerListener.log Command line argument: -Dcatalina.base=c:\xampp\tomcat
14-May-2026 17:33:14.890 INFO [main] org.apache.catalina.startup.VersionLoggerListener.log Command line argument: -Dcatalina.home=c:\xampp\tomcat
14-May-2026 17:33:14.890 INFO [main] org.apache.catalina.startup.VersionLoggerListener.log Command line argument: -Djava.io.tmpdir=c:\xampp\tomcat\temp
14-May-2026 17:33:14.890 INFO [main] org.apache.catalina.core.AprLifecycleListener.lifecycleEvent The Apache Tomcat Native library which allows using OpenSSL was not found on the java.library.path: [C:\Program Files\Java\jre1.8.0_251\bin;C:\WINDOWS\Sun\Java\bin;C:\WINDOWS\system32;C:\WINDOWS;C:\Program Files\Eclipse Adoptium\jdk-25.0.3.9-hotspot\bin;C:\Program Files (x86)\Common Files\Oracle\Java\javapath;C:\Windows\system32;C:\Windows;C:\Windows\System32\Wbem;C:\Windows\System32\WindowsPowerShell\v1.0\;C:\Windows\System32\OpenSSH\;C:\Program Files (x86)\NVIDIA Corporation\PhysX\Common;C:\WINDOWS\system32;C:\WINDOWS;C:\WINDOWS\System32\Wbem;C:\WINDOWS\System32\WindowsPowerShell\v1.0\;C:\WINDOWS\System32\OpenSSH\;C:\Program Files\NVIDIA Corporation\NVIDIA app\NvDLISR;C:\Program Files\dotnet\;C:\Program Files (x86)\Windows Kits\10\Windows Performance Toolkit\;C:\Program Files\Git\cmd;C:\Program Files\Cloudflare\Cloudflare WARP\;apache-maven-3.9.15\bin;C:\Program Files\apache-maven-3.9.15;c:\Users\Acer\AppData\Roaming\Code\User\globalStorage\github.copilot-chat\debugCommand;c:\Users\Acer\AppData\Roaming\Code\User\globalStorage\github.copilot-chat\copilotCli;C:\Users\Acer\AppData\Local\Programs\Microsoft VS Code;C:\Program Files (x86)\Common Files\Oracle\Java\javapath;C:\Windows\system32;C:\Windows;C:\Windows\System32\Wbem;C:\Windows\System32\WindowsPowerShell\v1.0\;C:\Windows\System32\OpenSSH\;C:\Program Files (x86)\NVIDIA Corporation\PhysX\Common;C:\WINDOWS\system32;C:\WINDOWS;C:\WINDOWS\System32\Wbem;C:\WINDOWS\System32\WindowsPowerShell\v1.0\;C:\WINDOWS\System32\OpenSSH\;C:\Program Files\NVIDIA Corporation\NVIDIA app\NvDLISR;C:\Program Files\dotnet\;C:\Program Files (x86)\Windows Kits\10\Windows Performance Toolkit\;C:\Program Files\Git\cmd;C:\Program Files\Cloudflare\Cloudflare WARP\;apache-maven-3.9.15\bin;C:\Program Files\apache-maven-3.9.15;C:\Users\Acer\AppData\Local\Microsoft\WindowsApps;C:\Users\Acer\AppData\Local\Programs\Microsoft VS Code\bin;c:\Users\Acer\.vscode\extensions\vscjav;C:\Program Files\Eclipse Adoptium\jdk-25.0.3.9-hotspot\bin;C:\Program Files\Eclipse Adoptium\jdk-25.0.3.9-hotspot\bin;.]
14-May-2026 17:33:14.953 INFO [main] org.apache.coyote.AbstractProtocol.init Initializing ProtocolHandler ["http-nio-8081"]
14-May-2026 17:33:14.959 SEVERE [main] org.apache.catalina.core.StandardService.initInternal Failed to initialize connector [Connector["http-nio-8081"]]
	org.apache.catalina.LifecycleException: Protocol handler initialization failed
		at org.apache.catalina.connector.Connector.initInternal(Connector.java:1075)
		at org.apache.catalina.util.LifecycleBase.init(LifecycleBase.java:127)
		at org.apache.catalina.core.StandardService.initInternal(StandardService.java:564)
		at org.apache.catalina.util.LifecycleBase.init(LifecycleBase.java:127)
		at org.apache.catalina.core.StandardServer.initInternal(StandardServer.java:854)
		at org.apache.catalina.util.LifecycleBase.init(LifecycleBase.java:127)
		at org.apache.catalina.startup.Catalina.load(Catalina.java:646)
		at org.apache.catalina.startup.Catalina.load(Catalina.java:669)
		at sun.reflect.NativeMethodAccessorImpl.invoke0(Native Method)
		at sun.reflect.NativeMethodAccessorImpl.invoke(Unknown Source)
		at sun.reflect.DelegatingMethodAccessorImpl.invoke(Unknown Source)
		at java.lang.reflect.Method.invoke(Unknown Source)
		at org.apache.catalina.startup.Bootstrap.load(Bootstrap.java:307)
		at org.apache.catalina.startup.Bootstrap.main(Bootstrap.java:477)
	Caused by: java.net.BindException: Address already in use: bind
		at sun.nio.ch.Net.bind0(Native Method)
		at sun.nio.ch.Net.bind(Unknown Source)
		at sun.nio.ch.Net.bind(Unknown Source)
		at sun.nio.ch.ServerSocketChannelImpl.bind(Unknown Source)
		at sun.nio.ch.ServerSocketAdaptor.bind(Unknown Source)
		at org.apache.tomcat.util.net.NioEndpoint.initServerSocket(NioEndpoint.java:226)
		at org.apache.tomcat.util.net.NioEndpoint.bind(NioEndpoint.java:202)
		at org.apache.tomcat.util.net.AbstractEndpoint.bindWithCleanup(AbstractEndpoint.java:1326)
		at org.apache.tomcat.util.net.AbstractEndpoint.init(AbstractEndpoint.java:1339)
		at org.apache.tomcat.util.net.AbstractJsseEndpoint.init(AbstractJsseEndpoint.java:231)
		at org.apache.coyote.AbstractProtocol.init(AbstractProtocol.java:695)
		at org.apache.coyote.http11.AbstractHttp11Protocol.init(AbstractHttp11Protocol.java:76)
		at org.apache.catalina.connector.Connector.initInternal(Connector.java:1073)
		... 13 more
14-May-2026 17:33:14.960 INFO [main] org.apache.catalina.startup.Catalina.load Initialization processed in 275 ms
14-May-2026 17:33:14.973 INFO [main] org.apache.catalina.core.StandardService.startInternal Starting service [Catalina]
14-May-2026 17:33:14.973 INFO [main] org.apache.catalina.core.StandardEngine.startInternal Starting Servlet engine: [Apache Tomcat/8.5.96]
14-May-2026 17:33:14.979 INFO [localhost-startStop-1] org.apache.catalina.startup.HostConfig.deployDirectory Deploying web application directory [C:\xampp\tomcat\webapps\blogphim]
14-May-2026 17:33:15.279 INFO [localhost-startStop-1] org.apache.jasper.servlet.TldScanner.scanJars At least one JAR was scanned for TLDs yet contained no TLDs. Enable debug logging for this logger for a complete list of JARs that were scanned but no TLDs were found in them. Skipping unneeded JARs during scanning can improve startup time and JSP compilation time.
14-May-2026 17:33:15.386 INFO [localhost-startStop-1] org.apache.catalina.startup.HostConfig.deployDirectory Deployment of web application directory [C:\xampp\tomcat\webapps\blogphim] has finished in [407] ms
14-May-2026 17:33:15.386 INFO [localhost-startStop-1] org.apache.catalina.startup.HostConfig.deployDirectory Deploying web application directory [C:\xampp\tomcat\webapps\docs]
14-May-2026 17:33:15.400 INFO [localhost-startStop-1] org.apache.catalina.startup.HostConfig.deployDirectory Deployment of web application directory [C:\xampp\tomcat\webapps\docs] has finished in [14] ms
14-May-2026 17:33:15.400 INFO [localhost-startStop-1] org.apache.catalina.startup.HostConfig.deployDirectory Deploying web application directory [C:\xampp\tomcat\webapps\examples]
14-May-2026 17:33:15.555 INFO [localhost-startStop-1] org.apache.catalina.startup.HostConfig.deployDirectory Deployment of web application directory [C:\xampp\tomcat\webapps\examples] has finished in [155] ms
14-May-2026 17:33:15.555 INFO [localhost-startStop-1] org.apache.catalina.startup.HostConfig.deployDirectory Deploying web application directory [C:\xampp\tomcat\webapps\host-manager]
14-May-2026 17:33:15.568 INFO [localhost-startStop-1] org.apache.catalina.startup.HostConfig.deployDirectory Deployment of web application directory [C:\xampp\tomcat\webapps\host-manager] has finished in [13] ms
14-May-2026 17:33:15.568 INFO [localhost-startStop-1] org.apache.catalina.startup.HostConfig.deployDirectory Deploying web application directory [C:\xampp\tomcat\webapps\manager]
14-May-2026 17:33:15.580 INFO [localhost-startStop-1] org.apache.catalina.startup.HostConfig.deployDirectory Deployment of web application directory [C:\xampp\tomcat\webapps\manager] has finished in [12] ms
14-May-2026 17:33:15.580 INFO [localhost-startStop-1] org.apache.catalina.startup.HostConfig.deployDirectory Deploying web application directory [C:\xampp\tomcat\webapps\ROOT]
14-May-2026 17:33:15.589 INFO [localhost-startStop-1] org.apache.catalina.startup.HostConfig.deployDirectory Deployment of web application directory [C:\xampp\tomcat\webapps\ROOT] has finished in [8] ms
14-May-2026 17:33:15.590 INFO [main] org.apache.catalina.startup.Catalina.start Server startup in 630 ms
14-May-2026 17:33:15.593 SEVERE [main] org.apache.catalina.core.StandardServer.await Failed to create server shutdown socket on address [localhost] and port [8006] (base port [8006] and offset [0])
	java.net.BindException: Address already in use: JVM_Bind
		at java.net.DualStackPlainSocketImpl.bind0(Native Method)
		at java.net.DualStackPlainSocketImpl.socketBind(Unknown Source)
		at java.net.AbstractPlainSocketImpl.bind(Unknown Source)
		at java.net.PlainSocketImpl.bind(Unknown Source)
		at java.net.ServerSocket.bind(Unknown Source)
		at java.net.ServerSocket.<init>(Unknown Source)
		at org.apache.catalina.core.StandardServer.await(StandardServer.java:444)
		at org.apache.catalina.startup.Catalina.await(Catalina.java:783)
		at org.apache.catalina.startup.Catalina.start(Catalina.java:729)
		at sun.reflect.NativeMethodAccessorImpl.invoke0(Native Method)
		at sun.reflect.NativeMethodAccessorImpl.invoke(Unknown Source)
		at sun.reflect.DelegatingMethodAccessorImpl.invoke(Unknown Source)
		at java.lang.reflect.Method.invoke(Unknown Source)
		at org.apache.catalina.startup.Bootstrap.start(Bootstrap.java:347)
		at org.apache.catalina.startup.Bootstrap.main(Bootstrap.java:478)
14-May-2026 17:33:15.593 INFO [main] org.apache.coyote.AbstractProtocol.pause Pausing ProtocolHandler ["http-nio-8081"]
14-May-2026 17:33:15.594 INFO [main] org.apache.catalina.core.StandardService.stopInternal Stopping service [Catalina]
14-May-2026 17:33:15.603 INFO [main] org.apache.coyote.AbstractProtocol.stop Stopping ProtocolHandler ["http-nio-8081"]
14-May-2026 17:33:15.604 INFO [main] org.apache.coyote.AbstractProtocol.destroy Destroying ProtocolHandler ["http-nio-8081"]
14-May-2026 17:37:40.510 INFO [main] org.apache.catalina.startup.VersionLoggerListener.log Server version name:   Apache Tomcat/8.5.96
14-May-2026 17:37:40.512 INFO [main] org.apache.catalina.startup.VersionLoggerListener.log Server built:          Nov 10 2023 14:56:59 UTC
14-May-2026 17:37:40.512 INFO [main] org.apache.catalina.startup.VersionLoggerListener.log Server version number: 8.5.96.0
14-May-2026 17:37:40.512 INFO [main] org.apache.catalina.startup.VersionLoggerListener.log OS Name:               Windows 10
14-May-2026 17:37:40.512 INFO [main] org.apache.catalina.startup.VersionLoggerListener.log OS Version:            10.0
14-May-2026 17:37:40.512 INFO [main] org.apache.catalina.startup.VersionLoggerListener.log Architecture:          amd64
14-May-2026 17:37:40.512 INFO [main] org.apache.catalina.startup.VersionLoggerListener.log Java Home:             C:\Program Files\Java\jre1.8.0_251
14-May-2026 17:37:40.512 INFO [main] org.apache.catalina.startup.VersionLoggerListener.log JVM Version:           1.8.0_251-b08
14-May-2026 17:37:40.513 INFO [main] org.apache.catalina.startup.VersionLoggerListener.log JVM Vendor:            Oracle Corporation
14-May-2026 17:37:40.513 INFO [main] org.apache.catalina.startup.VersionLoggerListener.log CATALINA_BASE:         C:\xampp\tomcat
14-May-2026 17:37:40.513 INFO [main] org.apache.catalina.startup.VersionLoggerListener.log CATALINA_HOME:         C:\xampp\tomcat
14-May-2026 17:37:40.513 INFO [main] org.apache.catalina.startup.VersionLoggerListener.log Command line argument: -Djava.util.logging.config.file=c:\xampp\tomcat\conf\logging.properties
14-May-2026 17:37:40.513 INFO [main] org.apache.catalina.startup.VersionLoggerListener.log Command line argument: -Djava.util.logging.manager=org.apache.juli.ClassLoaderLogManager
14-May-2026 17:37:40.513 INFO [main] org.apache.catalina.startup.VersionLoggerListener.log Command line argument: -Djdk.tls.ephemeralDHKeySize=2048
14-May-2026 17:37:40.513 INFO [main] org.apache.catalina.startup.VersionLoggerListener.log Command line argument: -Djava.protocol.handler.pkgs=org.apache.catalina.webresources
14-May-2026 17:37:40.513 INFO [main] org.apache.catalina.startup.VersionLoggerListener.log Command line argument: -Dignore.endorsed.dirs=
14-May-2026 17:37:40.513 INFO [main] org.apache.catalina.startup.VersionLoggerListener.log Command line argument: -Dcatalina.base=c:\xampp\tomcat
14-May-2026 17:37:40.513 INFO [main] org.apache.catalina.startup.VersionLoggerListener.log Command line argument: -Dcatalina.home=c:\xampp\tomcat
14-May-2026 17:37:40.513 INFO [main] org.apache.catalina.startup.VersionLoggerListener.log Command line argument: -Djava.io.tmpdir=c:\xampp\tomcat\temp
14-May-2026 17:37:40.513 INFO [main] org.apache.catalina.core.AprLifecycleListener.lifecycleEvent The Apache Tomcat Native library which allows using OpenSSL was not found on the java.library.path: [C:\Program Files\Java\jre1.8.0_251\bin;C:\WINDOWS\Sun\Java\bin;C:\WINDOWS\system32;C:\WINDOWS;C:\Program Files\Eclipse Adoptium\jdk-25.0.3.9-hotspot\bin;C:\Program Files (x86)\Common Files\Oracle\Java\javapath;C:\Windows\system32;C:\Windows;C:\Windows\System32\Wbem;C:\Windows\System32\WindowsPowerShell\v1.0\;C:\Windows\System32\OpenSSH\;C:\Program Files (x86)\NVIDIA Corporation\PhysX\Common;C:\WINDOWS\system32;C:\WINDOWS;C:\WINDOWS\System32\Wbem;C:\WINDOWS\System32\WindowsPowerShell\v1.0\;C:\WINDOWS\System32\OpenSSH\;C:\Program Files\NVIDIA Corporation\NVIDIA app\NvDLISR;C:\Program Files\dotnet\;C:\Program Files (x86)\Windows Kits\10\Windows Performance Toolkit\;C:\Program Files\Git\cmd;C:\Program Files\Cloudflare\Cloudflare WARP\;apache-maven-3.9.15\bin;C:\Program Files\apache-maven-3.9.15;c:\Users\Acer\AppData\Roaming\Code\User\globalStorage\github.copilot-chat\debugCommand;c:\Users\Acer\AppData\Roaming\Code\User\globalStorage\github.copilot-chat\copilotCli;C:\Users\Acer\AppData\Local\Programs\Microsoft VS Code;C:\Program Files (x86)\Common Files\Oracle\Java\javapath;C:\Windows\system32;C:\Windows;C:\Windows\System32\Wbem;C:\Windows\System32\WindowsPowerShell\v1.0\;C:\Windows\System32\OpenSSH\;C:\Program Files (x86)\NVIDIA Corporation\PhysX\Common;C:\WINDOWS\system32;C:\WINDOWS;C:\WINDOWS\System32\Wbem;C:\WINDOWS\System32\WindowsPowerShell\v1.0\;C:\WINDOWS\System32\OpenSSH\;C:\Program Files\NVIDIA Corporation\NVIDIA app\NvDLISR;C:\Program Files\dotnet\;C:\Program Files (x86)\Windows Kits\10\Windows Performance Toolkit\;C:\Program Files\Git\cmd;C:\Program Files\Cloudflare\Cloudflare WARP\;apache-maven-3.9.15\bin;C:\Program Files\apache-maven-3.9.15;C:\Users\Acer\AppData\Local\Microsoft\WindowsApps;C:\Users\Acer\AppData\Local\Programs\Microsoft VS Code\bin;c:\Users\Acer\.vscode\extensions\vscjav;C:\Program Files\Eclipse Adoptium\jdk-25.0.3.9-hotspot\bin;C:\Program Files\Eclipse Adoptium\jdk-25.0.3.9-hotspot\bin;.]
14-May-2026 17:37:40.576 INFO [main] org.apache.coyote.AbstractProtocol.init Initializing ProtocolHandler ["http-nio-8081"]
14-May-2026 17:37:40.582 SEVERE [main] org.apache.catalina.core.StandardService.initInternal Failed to initialize connector [Connector["http-nio-8081"]]
	org.apache.catalina.LifecycleException: Protocol handler initialization failed
		at org.apache.catalina.connector.Connector.initInternal(Connector.java:1075)
		at org.apache.catalina.util.LifecycleBase.init(LifecycleBase.java:127)
		at org.apache.catalina.core.StandardService.initInternal(StandardService.java:564)
		at org.apache.catalina.util.LifecycleBase.init(LifecycleBase.java:127)
		at org.apache.catalina.core.StandardServer.initInternal(StandardServer.java:854)
		at org.apache.catalina.util.LifecycleBase.init(LifecycleBase.java:127)
		at org.apache.catalina.startup.Catalina.load(Catalina.java:646)
		at org.apache.catalina.startup.Catalina.load(Catalina.java:669)
		at sun.reflect.NativeMethodAccessorImpl.invoke0(Native Method)
		at sun.reflect.NativeMethodAccessorImpl.invoke(Unknown Source)
		at sun.reflect.DelegatingMethodAccessorImpl.invoke(Unknown Source)
		at java.lang.reflect.Method.invoke(Unknown Source)
		at org.apache.catalina.startup.Bootstrap.load(Bootstrap.java:307)
		at org.apache.catalina.startup.Bootstrap.main(Bootstrap.java:477)
	Caused by: java.net.BindException: Address already in use: bind
		at sun.nio.ch.Net.bind0(Native Method)
		at sun.nio.ch.Net.bind(Unknown Source)
		at sun.nio.ch.Net.bind(Unknown Source)
		at sun.nio.ch.ServerSocketChannelImpl.bind(Unknown Source)
		at sun.nio.ch.ServerSocketAdaptor.bind(Unknown Source)
		at org.apache.tomcat.util.net.NioEndpoint.initServerSocket(NioEndpoint.java:226)
		at org.apache.tomcat.util.net.NioEndpoint.bind(NioEndpoint.java:202)
		at org.apache.tomcat.util.net.AbstractEndpoint.bindWithCleanup(AbstractEndpoint.java:1326)
		at org.apache.tomcat.util.net.AbstractEndpoint.init(AbstractEndpoint.java:1339)
		at org.apache.tomcat.util.net.AbstractJsseEndpoint.init(AbstractJsseEndpoint.java:231)
		at org.apache.coyote.AbstractProtocol.init(AbstractProtocol.java:695)
		at org.apache.coyote.http11.AbstractHttp11Protocol.init(AbstractHttp11Protocol.java:76)
		at org.apache.catalina.connector.Connector.initInternal(Connector.java:1073)
		... 13 more
14-May-2026 17:37:40.583 INFO [main] org.apache.catalina.startup.Catalina.load Initialization processed in 274 ms
14-May-2026 17:37:40.596 INFO [main] org.apache.catalina.core.StandardService.startInternal Starting service [Catalina]
14-May-2026 17:37:40.596 INFO [main] org.apache.catalina.core.StandardEngine.startInternal Starting Servlet engine: [Apache Tomcat/8.5.96]
14-May-2026 17:37:40.601 INFO [localhost-startStop-1] org.apache.catalina.startup.HostConfig.deployDirectory Deploying web application directory [C:\xampp\tomcat\webapps\blogphim]
14-May-2026 17:37:40.939 INFO [localhost-startStop-1] org.apache.jasper.servlet.TldScanner.scanJars At least one JAR was scanned for TLDs yet contained no TLDs. Enable debug logging for this logger for a complete list of JARs that were scanned but no TLDs were found in them. Skipping unneeded JARs during scanning can improve startup time and JSP compilation time.
14-May-2026 17:37:41.043 INFO [localhost-startStop-1] org.apache.catalina.startup.HostConfig.deployDirectory Deployment of web application directory [C:\xampp\tomcat\webapps\blogphim] has finished in [442] ms
14-May-2026 17:37:41.044 INFO [localhost-startStop-1] org.apache.catalina.startup.HostConfig.deployDirectory Deploying web application directory [C:\xampp\tomcat\webapps\docs]
14-May-2026 17:37:41.056 INFO [localhost-startStop-1] org.apache.catalina.startup.HostConfig.deployDirectory Deployment of web application directory [C:\xampp\tomcat\webapps\docs] has finished in [12] ms
14-May-2026 17:37:41.056 INFO [localhost-startStop-1] org.apache.catalina.startup.HostConfig.deployDirectory Deploying web application directory [C:\xampp\tomcat\webapps\examples]
14-May-2026 17:37:41.212 INFO [localhost-startStop-1] org.apache.catalina.startup.HostConfig.deployDirectory Deployment of web application directory [C:\xampp\tomcat\webapps\examples] has finished in [156] ms
14-May-2026 17:37:41.212 INFO [localhost-startStop-1] org.apache.catalina.startup.HostConfig.deployDirectory Deploying web application directory [C:\xampp\tomcat\webapps\host-manager]
14-May-2026 17:37:41.229 INFO [localhost-startStop-1] org.apache.catalina.startup.HostConfig.deployDirectory Deployment of web application directory [C:\xampp\tomcat\webapps\host-manager] has finished in [16] ms
14-May-2026 17:37:41.229 INFO [localhost-startStop-1] org.apache.catalina.startup.HostConfig.deployDirectory Deploying web application directory [C:\xampp\tomcat\webapps\manager]
14-May-2026 17:37:41.243 INFO [localhost-startStop-1] org.apache.catalina.startup.HostConfig.deployDirectory Deployment of web application directory [C:\xampp\tomcat\webapps\manager] has finished in [14] ms
14-May-2026 17:37:41.243 INFO [localhost-startStop-1] org.apache.catalina.startup.HostConfig.deployDirectory Deploying web application directory [C:\xampp\tomcat\webapps\ROOT]
14-May-2026 17:37:41.252 INFO [localhost-startStop-1] org.apache.catalina.startup.HostConfig.deployDirectory Deployment of web application directory [C:\xampp\tomcat\webapps\ROOT] has finished in [9] ms
14-May-2026 17:37:41.254 INFO [main] org.apache.catalina.startup.Catalina.start Server startup in 671 ms
14-May-2026 17:39:23.348 INFO [main] org.apache.catalina.startup.VersionLoggerListener.log Server version name:   Apache Tomcat/8.5.96
14-May-2026 17:39:23.350 INFO [main] org.apache.catalina.startup.VersionLoggerListener.log Server built:          Nov 10 2023 14:56:59 UTC
14-May-2026 17:39:23.350 INFO [main] org.apache.catalina.startup.VersionLoggerListener.log Server version number: 8.5.96.0
14-May-2026 17:39:23.350 INFO [main] org.apache.catalina.startup.VersionLoggerListener.log OS Name:               Windows 10
14-May-2026 17:39:23.350 INFO [main] org.apache.catalina.startup.VersionLoggerListener.log OS Version:            10.0
14-May-2026 17:39:23.351 INFO [main] org.apache.catalina.startup.VersionLoggerListener.log Architecture:          amd64
14-May-2026 17:39:23.351 INFO [main] org.apache.catalina.startup.VersionLoggerListener.log Java Home:             C:\Program Files\Java\jre1.8.0_251
14-May-2026 17:39:23.351 INFO [main] org.apache.catalina.startup.VersionLoggerListener.log JVM Version:           1.8.0_251-b08
14-May-2026 17:39:23.351 INFO [main] org.apache.catalina.startup.VersionLoggerListener.log JVM Vendor:            Oracle Corporation
14-May-2026 17:39:23.351 INFO [main] org.apache.catalina.startup.VersionLoggerListener.log CATALINA_BASE:         C:\xampp\tomcat
14-May-2026 17:39:23.351 INFO [main] org.apache.catalina.startup.VersionLoggerListener.log CATALINA_HOME:         C:\xampp\tomcat
14-May-2026 17:39:23.351 INFO [main] org.apache.catalina.startup.VersionLoggerListener.log Command line argument: -Djava.util.logging.config.file=c:\xampp\tomcat\conf\logging.properties
14-May-2026 17:39:23.351 INFO [main] org.apache.catalina.startup.VersionLoggerListener.log Command line argument: -Djava.util.logging.manager=org.apache.juli.ClassLoaderLogManager
14-May-2026 17:39:23.351 INFO [main] org.apache.catalina.startup.VersionLoggerListener.log Command line argument: -Djdk.tls.ephemeralDHKeySize=2048
14-May-2026 17:39:23.351 INFO [main] org.apache.catalina.startup.VersionLoggerListener.log Command line argument: -Djava.protocol.handler.pkgs=org.apache.catalina.webresources
14-May-2026 17:39:23.351 INFO [main] org.apache.catalina.startup.VersionLoggerListener.log Command line argument: -Dignore.endorsed.dirs=
14-May-2026 17:39:23.352 INFO [main] org.apache.catalina.startup.VersionLoggerListener.log Command line argument: -Dcatalina.base=c:\xampp\tomcat
14-May-2026 17:39:23.352 INFO [main] org.apache.catalina.startup.VersionLoggerListener.log Command line argument: -Dcatalina.home=c:\xampp\tomcat
14-May-2026 17:39:23.352 INFO [main] org.apache.catalina.startup.VersionLoggerListener.log Command line argument: -Djava.io.tmpdir=c:\xampp\tomcat\temp
14-May-2026 17:39:23.352 INFO [main] org.apache.catalina.core.AprLifecycleListener.lifecycleEvent The Apache Tomcat Native library which allows using OpenSSL was not found on the java.library.path: [C:\Program Files\Java\jre1.8.0_251\bin;C:\WINDOWS\Sun\Java\bin;C:\WINDOWS\system32;C:\WINDOWS;C:\Program Files\Eclipse Adoptium\jdk-25.0.3.9-hotspot\bin;C:\Program Files (x86)\Common Files\Oracle\Java\javapath;C:\Windows\system32;C:\Windows;C:\Windows\System32\Wbem;C:\Windows\System32\WindowsPowerShell\v1.0\;C:\Windows\System32\OpenSSH\;C:\Program Files (x86)\NVIDIA Corporation\PhysX\Common;C:\WINDOWS\system32;C:\WINDOWS;C:\WINDOWS\System32\Wbem;C:\WINDOWS\System32\WindowsPowerShell\v1.0\;C:\WINDOWS\System32\OpenSSH\;C:\Program Files\NVIDIA Corporation\NVIDIA app\NvDLISR;C:\Program Files\dotnet\;C:\Program Files (x86)\Windows Kits\10\Windows Performance Toolkit\;C:\Program Files\Git\cmd;C:\Program Files\Cloudflare\Cloudflare WARP\;apache-maven-3.9.15\bin;C:\Program Files\apache-maven-3.9.15;c:\Users\Acer\AppData\Roaming\Code\User\globalStorage\github.copilot-chat\debugCommand;c:\Users\Acer\AppData\Roaming\Code\User\globalStorage\github.copilot-chat\copilotCli;C:\Users\Acer\AppData\Local\Programs\Microsoft VS Code;C:\Program Files (x86)\Common Files\Oracle\Java\javapath;C:\Windows\system32;C:\Windows;C:\Windows\System32\Wbem;C:\Windows\System32\WindowsPowerShell\v1.0\;C:\Windows\System32\OpenSSH\;C:\Program Files (x86)\NVIDIA Corporation\PhysX\Common;C:\WINDOWS\system32;C:\WINDOWS;C:\WINDOWS\System32\Wbem;C:\WINDOWS\System32\WindowsPowerShell\v1.0\;C:\WINDOWS\System32\OpenSSH\;C:\Program Files\NVIDIA Corporation\NVIDIA app\NvDLISR;C:\Program Files\dotnet\;C:\Program Files (x86)\Windows Kits\10\Windows Performance Toolkit\;C:\Program Files\Git\cmd;C:\Program Files\Cloudflare\Cloudflare WARP\;apache-maven-3.9.15\bin;C:\Program Files\apache-maven-3.9.15;C:\Users\Acer\AppData\Local\Microsoft\WindowsApps;C:\Users\Acer\AppData\Local\Programs\Microsoft VS Code\bin;c:\Users\Acer\.vscode\extensions\vscjav;C:\Program Files\Eclipse Adoptium\jdk-25.0.3.9-hotspot\bin;C:\Program Files\Eclipse Adoptium\jdk-25.0.3.9-hotspot\bin;.]
14-May-2026 17:39:23.413 INFO [main] org.apache.coyote.AbstractProtocol.init Initializing ProtocolHandler ["http-nio-8081"]
14-May-2026 17:39:23.419 SEVERE [main] org.apache.catalina.core.StandardService.initInternal Failed to initialize connector [Connector["http-nio-8081"]]
	org.apache.catalina.LifecycleException: Protocol handler initialization failed
		at org.apache.catalina.connector.Connector.initInternal(Connector.java:1075)
		at org.apache.catalina.util.LifecycleBase.init(LifecycleBase.java:127)
		at org.apache.catalina.core.StandardService.initInternal(StandardService.java:564)
		at org.apache.catalina.util.LifecycleBase.init(LifecycleBase.java:127)
		at org.apache.catalina.core.StandardServer.initInternal(StandardServer.java:854)
		at org.apache.catalina.util.LifecycleBase.init(LifecycleBase.java:127)
		at org.apache.catalina.startup.Catalina.load(Catalina.java:646)
		at org.apache.catalina.startup.Catalina.load(Catalina.java:669)
		at sun.reflect.NativeMethodAccessorImpl.invoke0(Native Method)
		at sun.reflect.NativeMethodAccessorImpl.invoke(Unknown Source)
		at sun.reflect.DelegatingMethodAccessorImpl.invoke(Unknown Source)
		at java.lang.reflect.Method.invoke(Unknown Source)
		at org.apache.catalina.startup.Bootstrap.load(Bootstrap.java:307)
		at org.apache.catalina.startup.Bootstrap.main(Bootstrap.java:477)
	Caused by: java.net.BindException: Address already in use: bind
		at sun.nio.ch.Net.bind0(Native Method)
		at sun.nio.ch.Net.bind(Unknown Source)
		at sun.nio.ch.Net.bind(Unknown Source)
		at sun.nio.ch.ServerSocketChannelImpl.bind(Unknown Source)
		at sun.nio.ch.ServerSocketAdaptor.bind(Unknown Source)
		at org.apache.tomcat.util.net.NioEndpoint.initServerSocket(NioEndpoint.java:226)
		at org.apache.tomcat.util.net.NioEndpoint.bind(NioEndpoint.java:202)
		at org.apache.tomcat.util.net.AbstractEndpoint.bindWithCleanup(AbstractEndpoint.java:1326)
		at org.apache.tomcat.util.net.AbstractEndpoint.init(AbstractEndpoint.java:1339)
		at org.apache.tomcat.util.net.AbstractJsseEndpoint.init(AbstractJsseEndpoint.java:231)
		at org.apache.coyote.AbstractProtocol.init(AbstractProtocol.java:695)
		at org.apache.coyote.http11.AbstractHttp11Protocol.init(AbstractHttp11Protocol.java:76)
		at org.apache.catalina.connector.Connector.initInternal(Connector.java:1073)
		... 13 more
14-May-2026 17:39:23.420 INFO [main] org.apache.catalina.startup.Catalina.load Initialization processed in 270 ms
14-May-2026 17:39:23.433 INFO [main] org.apache.catalina.core.StandardService.startInternal Starting service [Catalina]
14-May-2026 17:39:23.433 INFO [main] org.apache.catalina.core.StandardEngine.startInternal Starting Servlet engine: [Apache Tomcat/8.5.96]
14-May-2026 17:39:23.438 INFO [localhost-startStop-1] org.apache.catalina.startup.HostConfig.deployDirectory Deploying web application directory [C:\xampp\tomcat\webapps\blogphim]
14-May-2026 17:39:23.748 INFO [localhost-startStop-1] org.apache.jasper.servlet.TldScanner.scanJars At least one JAR was scanned for TLDs yet contained no TLDs. Enable debug logging for this logger for a complete list of JARs that were scanned but no TLDs were found in them. Skipping unneeded JARs during scanning can improve startup time and JSP compilation time.
14-May-2026 17:39:23.851 INFO [localhost-startStop-1] org.apache.catalina.startup.HostConfig.deployDirectory Deployment of web application directory [C:\xampp\tomcat\webapps\blogphim] has finished in [413] ms
14-May-2026 17:39:23.851 INFO [localhost-startStop-1] org.apache.catalina.startup.HostConfig.deployDirectory Deploying web application directory [C:\xampp\tomcat\webapps\docs]
14-May-2026 17:39:23.864 INFO [localhost-startStop-1] org.apache.catalina.startup.HostConfig.deployDirectory Deployment of web application directory [C:\xampp\tomcat\webapps\docs] has finished in [13] ms
14-May-2026 17:39:23.864 INFO [localhost-startStop-1] org.apache.catalina.startup.HostConfig.deployDirectory Deploying web application directory [C:\xampp\tomcat\webapps\examples]
14-May-2026 17:39:24.014 INFO [localhost-startStop-1] org.apache.catalina.startup.HostConfig.deployDirectory Deployment of web application directory [C:\xampp\tomcat\webapps\examples] has finished in [150] ms
14-May-2026 17:39:24.014 INFO [localhost-startStop-1] org.apache.catalina.startup.HostConfig.deployDirectory Deploying web application directory [C:\xampp\tomcat\webapps\host-manager]
14-May-2026 17:39:24.027 INFO [localhost-startStop-1] org.apache.catalina.startup.HostConfig.deployDirectory Deployment of web application directory [C:\xampp\tomcat\webapps\host-manager] has finished in [13] ms
14-May-2026 17:39:24.027 INFO [localhost-startStop-1] org.apache.catalina.startup.HostConfig.deployDirectory Deploying web application directory [C:\xampp\tomcat\webapps\manager]
14-May-2026 17:39:24.039 INFO [localhost-startStop-1] org.apache.catalina.startup.HostConfig.deployDirectory Deployment of web application directory [C:\xampp\tomcat\webapps\manager] has finished in [11] ms
14-May-2026 17:39:24.039 INFO [localhost-startStop-1] org.apache.catalina.startup.HostConfig.deployDirectory Deploying web application directory [C:\xampp\tomcat\webapps\ROOT]
14-May-2026 17:39:24.048 INFO [localhost-startStop-1] org.apache.catalina.startup.HostConfig.deployDirectory Deployment of web application directory [C:\xampp\tomcat\webapps\ROOT] has finished in [9] ms
14-May-2026 17:39:24.049 INFO [main] org.apache.catalina.startup.Catalina.start Server startup in 629 ms
14-May-2026 17:39:24.052 SEVERE [main] org.apache.catalina.core.StandardServer.await Failed to create server shutdown socket on address [localhost] and port [8005] (base port [8005] and offset [0])
	java.net.BindException: Address already in use: JVM_Bind
		at java.net.DualStackPlainSocketImpl.bind0(Native Method)
		at java.net.DualStackPlainSocketImpl.socketBind(Unknown Source)
		at java.net.AbstractPlainSocketImpl.bind(Unknown Source)
		at java.net.PlainSocketImpl.bind(Unknown Source)
		at java.net.ServerSocket.bind(Unknown Source)
		at java.net.ServerSocket.<init>(Unknown Source)
		at org.apache.catalina.core.StandardServer.await(StandardServer.java:444)
		at org.apache.catalina.startup.Catalina.await(Catalina.java:783)
		at org.apache.catalina.startup.Catalina.start(Catalina.java:729)
		at sun.reflect.NativeMethodAccessorImpl.invoke0(Native Method)
		at sun.reflect.NativeMethodAccessorImpl.invoke(Unknown Source)
		at sun.reflect.DelegatingMethodAccessorImpl.invoke(Unknown Source)
		at java.lang.reflect.Method.invoke(Unknown Source)
		at org.apache.catalina.startup.Bootstrap.start(Bootstrap.java:347)
		at org.apache.catalina.startup.Bootstrap.main(Bootstrap.java:478)
14-May-2026 17:39:24.052 INFO [main] org.apache.coyote.AbstractProtocol.pause Pausing ProtocolHandler ["http-nio-8081"]
14-May-2026 17:39:24.052 INFO [main] org.apache.catalina.core.StandardService.stopInternal Stopping service [Catalina]
14-May-2026 17:39:24.062 INFO [main] org.apache.coyote.AbstractProtocol.stop Stopping ProtocolHandler ["http-nio-8081"]
14-May-2026 17:39:24.063 INFO [main] org.apache.coyote.AbstractProtocol.destroy Destroying ProtocolHandler ["http-nio-8081"]
14-May-2026 17:39:55.337 INFO [main] org.apache.catalina.startup.VersionLoggerListener.log Server version name:   Apache Tomcat/8.5.96
14-May-2026 17:39:55.338 INFO [main] org.apache.catalina.startup.VersionLoggerListener.log Server built:          Nov 10 2023 14:56:59 UTC
14-May-2026 17:39:55.340 INFO [main] org.apache.catalina.startup.VersionLoggerListener.log Server version number: 8.5.96.0
14-May-2026 17:39:55.340 INFO [main] org.apache.catalina.startup.VersionLoggerListener.log OS Name:               Windows 10
14-May-2026 17:39:55.340 INFO [main] org.apache.catalina.startup.VersionLoggerListener.log OS Version:            10.0
14-May-2026 17:39:55.340 INFO [main] org.apache.catalina.startup.VersionLoggerListener.log Architecture:          amd64
14-May-2026 17:39:55.340 INFO [main] org.apache.catalina.startup.VersionLoggerListener.log Java Home:             C:\Program Files\Java\jre1.8.0_251
14-May-2026 17:39:55.341 INFO [main] org.apache.catalina.startup.VersionLoggerListener.log JVM Version:           1.8.0_251-b08
14-May-2026 17:39:55.341 INFO [main] org.apache.catalina.startup.VersionLoggerListener.log JVM Vendor:            Oracle Corporation
14-May-2026 17:39:55.341 INFO [main] org.apache.catalina.startup.VersionLoggerListener.log CATALINA_BASE:         C:\xampp\tomcat
14-May-2026 17:39:55.341 INFO [main] org.apache.catalina.startup.VersionLoggerListener.log CATALINA_HOME:         C:\xampp\tomcat
14-May-2026 17:39:55.341 INFO [main] org.apache.catalina.startup.VersionLoggerListener.log Command line argument: -Djava.util.logging.config.file=c:\xampp\tomcat\conf\logging.properties
14-May-2026 17:39:55.342 INFO [main] org.apache.catalina.startup.VersionLoggerListener.log Command line argument: -Djava.util.logging.manager=org.apache.juli.ClassLoaderLogManager
14-May-2026 17:39:55.342 INFO [main] org.apache.catalina.startup.VersionLoggerListener.log Command line argument: -Djdk.tls.ephemeralDHKeySize=2048
14-May-2026 17:39:55.342 INFO [main] org.apache.catalina.startup.VersionLoggerListener.log Command line argument: -Djava.protocol.handler.pkgs=org.apache.catalina.webresources
14-May-2026 17:39:55.342 INFO [main] org.apache.catalina.startup.VersionLoggerListener.log Command line argument: -Dignore.endorsed.dirs=
14-May-2026 17:39:55.342 INFO [main] org.apache.catalina.startup.VersionLoggerListener.log Command line argument: -Dcatalina.base=c:\xampp\tomcat
14-May-2026 17:39:55.343 INFO [main] org.apache.catalina.startup.VersionLoggerListener.log Command line argument: -Dcatalina.home=c:\xampp\tomcat
14-May-2026 17:39:55.343 INFO [main] org.apache.catalina.startup.VersionLoggerListener.log Command line argument: -Djava.io.tmpdir=c:\xampp\tomcat\temp
14-May-2026 17:39:55.343 INFO [main] org.apache.catalina.core.AprLifecycleListener.lifecycleEvent The Apache Tomcat Native library which allows using OpenSSL was not found on the java.library.path: [C:\Program Files\Java\jre1.8.0_251\bin;C:\WINDOWS\Sun\Java\bin;C:\WINDOWS\system32;C:\WINDOWS;C:\Program Files\Eclipse Adoptium\jdk-25.0.3.9-hotspot\bin;C:\Program Files (x86)\Common Files\Oracle\Java\javapath;C:\Windows\system32;C:\Windows;C:\Windows\System32\Wbem;C:\Windows\System32\WindowsPowerShell\v1.0\;C:\Windows\System32\OpenSSH\;C:\Program Files (x86)\NVIDIA Corporation\PhysX\Common;C:\WINDOWS\system32;C:\WINDOWS;C:\WINDOWS\System32\Wbem;C:\WINDOWS\System32\WindowsPowerShell\v1.0\;C:\WINDOWS\System32\OpenSSH\;C:\Program Files\NVIDIA Corporation\NVIDIA app\NvDLISR;C:\Program Files\dotnet\;C:\Program Files (x86)\Windows Kits\10\Windows Performance Toolkit\;C:\Program Files\Git\cmd;C:\Program Files\Cloudflare\Cloudflare WARP\;apache-maven-3.9.15\bin;C:\Program Files\apache-maven-3.9.15;c:\Users\Acer\AppData\Roaming\Code\User\globalStorage\github.copilot-chat\debugCommand;c:\Users\Acer\AppData\Roaming\Code\User\globalStorage\github.copilot-chat\copilotCli;C:\Users\Acer\AppData\Local\Programs\Microsoft VS Code;C:\Program Files (x86)\Common Files\Oracle\Java\javapath;C:\Windows\system32;C:\Windows;C:\Windows\System32\Wbem;C:\Windows\System32\WindowsPowerShell\v1.0\;C:\Windows\System32\OpenSSH\;C:\Program Files (x86)\NVIDIA Corporation\PhysX\Common;C:\WINDOWS\system32;C:\WINDOWS;C:\WINDOWS\System32\Wbem;C:\WINDOWS\System32\WindowsPowerShell\v1.0\;C:\WINDOWS\System32\OpenSSH\;C:\Program Files\NVIDIA Corporation\NVIDIA app\NvDLISR;C:\Program Files\dotnet\;C:\Program Files (x86)\Windows Kits\10\Windows Performance Toolkit\;C:\Program Files\Git\cmd;C:\Program Files\Cloudflare\Cloudflare WARP\;apache-maven-3.9.15\bin;C:\Program Files\apache-maven-3.9.15;C:\Users\Acer\AppData\Local\Microsoft\WindowsApps;C:\Users\Acer\AppData\Local\Programs\Microsoft VS Code\bin;c:\Users\Acer\.vscode\extensions\vscjav;C:\Program Files\Eclipse Adoptium\jdk-25.0.3.9-hotspot\bin;C:\Program Files\Eclipse Adoptium\jdk-25.0.3.9-hotspot\bin;.]
14-May-2026 17:39:55.406 INFO [main] org.apache.coyote.AbstractProtocol.init Initializing ProtocolHandler ["http-nio-8081"]
14-May-2026 17:39:55.411 SEVERE [main] org.apache.catalina.core.StandardService.initInternal Failed to initialize connector [Connector["http-nio-8081"]]
	org.apache.catalina.LifecycleException: Protocol handler initialization failed
		at org.apache.catalina.connector.Connector.initInternal(Connector.java:1075)
		at org.apache.catalina.util.LifecycleBase.init(LifecycleBase.java:127)
		at org.apache.catalina.core.StandardService.initInternal(StandardService.java:564)
		at org.apache.catalina.util.LifecycleBase.init(LifecycleBase.java:127)
		at org.apache.catalina.core.StandardServer.initInternal(StandardServer.java:854)
		at org.apache.catalina.util.LifecycleBase.init(LifecycleBase.java:127)
		at org.apache.catalina.startup.Catalina.load(Catalina.java:646)
		at org.apache.catalina.startup.Catalina.load(Catalina.java:669)
		at sun.reflect.NativeMethodAccessorImpl.invoke0(Native Method)
		at sun.reflect.NativeMethodAccessorImpl.invoke(Unknown Source)
		at sun.reflect.DelegatingMethodAccessorImpl.invoke(Unknown Source)
		at java.lang.reflect.Method.invoke(Unknown Source)
		at org.apache.catalina.startup.Bootstrap.load(Bootstrap.java:307)
		at org.apache.catalina.startup.Bootstrap.main(Bootstrap.java:477)
	Caused by: java.net.BindException: Address already in use: bind
		at sun.nio.ch.Net.bind0(Native Method)
		at sun.nio.ch.Net.bind(Unknown Source)
		at sun.nio.ch.Net.bind(Unknown Source)
		at sun.nio.ch.ServerSocketChannelImpl.bind(Unknown Source)
		at sun.nio.ch.ServerSocketAdaptor.bind(Unknown Source)
		at org.apache.tomcat.util.net.NioEndpoint.initServerSocket(NioEndpoint.java:226)
		at org.apache.tomcat.util.net.NioEndpoint.bind(NioEndpoint.java:202)
		at org.apache.tomcat.util.net.AbstractEndpoint.bindWithCleanup(AbstractEndpoint.java:1326)
		at org.apache.tomcat.util.net.AbstractEndpoint.init(AbstractEndpoint.java:1339)
		at org.apache.tomcat.util.net.AbstractJsseEndpoint.init(AbstractJsseEndpoint.java:231)
		at org.apache.coyote.AbstractProtocol.init(AbstractProtocol.java:695)
		at org.apache.coyote.http11.AbstractHttp11Protocol.init(AbstractHttp11Protocol.java:76)
		at org.apache.catalina.connector.Connector.initInternal(Connector.java:1073)
		... 13 more
14-May-2026 17:39:55.412 INFO [main] org.apache.catalina.startup.Catalina.load Initialization processed in 275 ms
14-May-2026 17:39:55.426 INFO [main] org.apache.catalina.core.StandardService.startInternal Starting service [Catalina]
14-May-2026 17:39:55.426 INFO [main] org.apache.catalina.core.StandardEngine.startInternal Starting Servlet engine: [Apache Tomcat/8.5.96]
14-May-2026 17:39:55.432 INFO [localhost-startStop-1] org.apache.catalina.startup.HostConfig.deployDirectory Deploying web application directory [C:\xampp\tomcat\webapps\blogphim]
14-May-2026 17:39:55.728 INFO [localhost-startStop-1] org.apache.jasper.servlet.TldScanner.scanJars At least one JAR was scanned for TLDs yet contained no TLDs. Enable debug logging for this logger for a complete list of JARs that were scanned but no TLDs were found in them. Skipping unneeded JARs during scanning can improve startup time and JSP compilation time.
14-May-2026 17:39:55.834 INFO [localhost-startStop-1] org.apache.catalina.startup.HostConfig.deployDirectory Deployment of web application directory [C:\xampp\tomcat\webapps\blogphim] has finished in [401] ms
14-May-2026 17:39:55.834 INFO [localhost-startStop-1] org.apache.catalina.startup.HostConfig.deployDirectory Deploying web application directory [C:\xampp\tomcat\webapps\docs]
14-May-2026 17:39:55.848 INFO [localhost-startStop-1] org.apache.catalina.startup.HostConfig.deployDirectory Deployment of web application directory [C:\xampp\tomcat\webapps\docs] has finished in [13] ms
14-May-2026 17:39:55.848 INFO [localhost-startStop-1] org.apache.catalina.startup.HostConfig.deployDirectory Deploying web application directory [C:\xampp\tomcat\webapps\examples]
14-May-2026 17:39:56.000 INFO [localhost-startStop-1] org.apache.catalina.startup.HostConfig.deployDirectory Deployment of web application directory [C:\xampp\tomcat\webapps\examples] has finished in [152] ms
14-May-2026 17:39:56.000 INFO [localhost-startStop-1] org.apache.catalina.startup.HostConfig.deployDirectory Deploying web application directory [C:\xampp\tomcat\webapps\host-manager]
14-May-2026 17:39:56.013 INFO [localhost-startStop-1] org.apache.catalina.startup.HostConfig.deployDirectory Deployment of web application directory [C:\xampp\tomcat\webapps\host-manager] has finished in [13] ms
14-May-2026 17:39:56.013 INFO [localhost-startStop-1] org.apache.catalina.startup.HostConfig.deployDirectory Deploying web application directory [C:\xampp\tomcat\webapps\manager]
14-May-2026 17:39:56.026 INFO [localhost-startStop-1] org.apache.catalina.startup.HostConfig.deployDirectory Deployment of web application directory [C:\xampp\tomcat\webapps\manager] has finished in [13] ms
14-May-2026 17:39:56.026 INFO [localhost-startStop-1] org.apache.catalina.startup.HostConfig.deployDirectory Deploying web application directory [C:\xampp\tomcat\webapps\ROOT]
14-May-2026 17:39:56.035 INFO [localhost-startStop-1] org.apache.catalina.startup.HostConfig.deployDirectory Deployment of web application directory [C:\xampp\tomcat\webapps\ROOT] has finished in [9] ms
14-May-2026 17:39:56.036 INFO [main] org.apache.catalina.startup.Catalina.start Server startup in 624 ms
14-May-2026 17:41:11.571 INFO [main] org.apache.catalina.startup.VersionLoggerListener.log Server version name:   Apache Tomcat/8.5.96
14-May-2026 17:41:11.573 INFO [main] org.apache.catalina.startup.VersionLoggerListener.log Server built:          Nov 10 2023 14:56:59 UTC
14-May-2026 17:41:11.574 INFO [main] org.apache.catalina.startup.VersionLoggerListener.log Server version number: 8.5.96.0
14-May-2026 17:41:11.575 INFO [main] org.apache.catalina.startup.VersionLoggerListener.log OS Name:               Windows 10
14-May-2026 17:41:11.575 INFO [main] org.apache.catalina.startup.VersionLoggerListener.log OS Version:            10.0
14-May-2026 17:41:11.575 INFO [main] org.apache.catalina.startup.VersionLoggerListener.log Architecture:          amd64
14-May-2026 17:41:11.575 INFO [main] org.apache.catalina.startup.VersionLoggerListener.log Java Home:             C:\Program Files\Java\jre1.8.0_251
14-May-2026 17:41:11.575 INFO [main] org.apache.catalina.startup.VersionLoggerListener.log JVM Version:           1.8.0_251-b08
14-May-2026 17:41:11.575 INFO [main] org.apache.catalina.startup.VersionLoggerListener.log JVM Vendor:            Oracle Corporation
14-May-2026 17:41:11.575 INFO [main] org.apache.catalina.startup.VersionLoggerListener.log CATALINA_BASE:         C:\xampp\tomcat
14-May-2026 17:41:11.575 INFO [main] org.apache.catalina.startup.VersionLoggerListener.log CATALINA_HOME:         C:\xampp\tomcat
14-May-2026 17:41:11.576 INFO [main] org.apache.catalina.startup.VersionLoggerListener.log Command line argument: -Djava.util.logging.config.file=c:\xampp\tomcat\conf\logging.properties
14-May-2026 17:41:11.576 INFO [main] org.apache.catalina.startup.VersionLoggerListener.log Command line argument: -Djava.util.logging.manager=org.apache.juli.ClassLoaderLogManager
14-May-2026 17:41:11.576 INFO [main] org.apache.catalina.startup.VersionLoggerListener.log Command line argument: -Djdk.tls.ephemeralDHKeySize=2048
14-May-2026 17:41:11.576 INFO [main] org.apache.catalina.startup.VersionLoggerListener.log Command line argument: -Djava.protocol.handler.pkgs=org.apache.catalina.webresources
14-May-2026 17:41:11.576 INFO [main] org.apache.catalina.startup.VersionLoggerListener.log Command line argument: -Dignore.endorsed.dirs=
14-May-2026 17:41:11.576 INFO [main] org.apache.catalina.startup.VersionLoggerListener.log Command line argument: -Dcatalina.base=c:\xampp\tomcat
14-May-2026 17:41:11.576 INFO [main] org.apache.catalina.startup.VersionLoggerListener.log Command line argument: -Dcatalina.home=c:\xampp\tomcat
14-May-2026 17:41:11.576 INFO [main] org.apache.catalina.startup.VersionLoggerListener.log Command line argument: -Djava.io.tmpdir=c:\xampp\tomcat\temp
14-May-2026 17:41:11.576 INFO [main] org.apache.catalina.core.AprLifecycleListener.lifecycleEvent The Apache Tomcat Native library which allows using OpenSSL was not found on the java.library.path: [C:\Program Files\Java\jre1.8.0_251\bin;C:\WINDOWS\Sun\Java\bin;C:\WINDOWS\system32;C:\WINDOWS;C:\Program Files\Eclipse Adoptium\jdk-25.0.3.9-hotspot\bin;C:\Program Files (x86)\Common Files\Oracle\Java\javapath;C:\Windows\system32;C:\Windows;C:\Windows\System32\Wbem;C:\Windows\System32\WindowsPowerShell\v1.0\;C:\Windows\System32\OpenSSH\;C:\Program Files (x86)\NVIDIA Corporation\PhysX\Common;C:\WINDOWS\system32;C:\WINDOWS;C:\WINDOWS\System32\Wbem;C:\WINDOWS\System32\WindowsPowerShell\v1.0\;C:\WINDOWS\System32\OpenSSH\;C:\Program Files\NVIDIA Corporation\NVIDIA app\NvDLISR;C:\Program Files\dotnet\;C:\Program Files (x86)\Windows Kits\10\Windows Performance Toolkit\;C:\Program Files\Git\cmd;C:\Program Files\Cloudflare\Cloudflare WARP\;apache-maven-3.9.15\bin;C:\Program Files\apache-maven-3.9.15;c:\Users\Acer\AppData\Roaming\Code\User\globalStorage\github.copilot-chat\debugCommand;c:\Users\Acer\AppData\Roaming\Code\User\globalStorage\github.copilot-chat\copilotCli;C:\Users\Acer\AppData\Local\Programs\Microsoft VS Code;C:\Program Files (x86)\Common Files\Oracle\Java\javapath;C:\Windows\system32;C:\Windows;C:\Windows\System32\Wbem;C:\Windows\System32\WindowsPowerShell\v1.0\;C:\Windows\System32\OpenSSH\;C:\Program Files (x86)\NVIDIA Corporation\PhysX\Common;C:\WINDOWS\system32;C:\WINDOWS;C:\WINDOWS\System32\Wbem;C:\WINDOWS\System32\WindowsPowerShell\v1.0\;C:\WINDOWS\System32\OpenSSH\;C:\Program Files\NVIDIA Corporation\NVIDIA app\NvDLISR;C:\Program Files\dotnet\;C:\Program Files (x86)\Windows Kits\10\Windows Performance Toolkit\;C:\Program Files\Git\cmd;C:\Program Files\Cloudflare\Cloudflare WARP\;apache-maven-3.9.15\bin;C:\Program Files\apache-maven-3.9.15;C:\Users\Acer\AppData\Local\Microsoft\WindowsApps;C:\Users\Acer\AppData\Local\Programs\Microsoft VS Code\bin;c:\Users\Acer\.vscode\extensions\vscjav;C:\Program Files\Eclipse Adoptium\jdk-25.0.3.9-hotspot\bin;C:\Program Files\Eclipse Adoptium\jdk-25.0.3.9-hotspot\bin;.]
14-May-2026 17:41:11.650 INFO [main] org.apache.coyote.AbstractProtocol.init Initializing ProtocolHandler ["http-nio-8081"]
14-May-2026 17:41:11.657 SEVERE [main] org.apache.catalina.core.StandardService.initInternal Failed to initialize connector [Connector["http-nio-8081"]]
	org.apache.catalina.LifecycleException: Protocol handler initialization failed
		at org.apache.catalina.connector.Connector.initInternal(Connector.java:1075)
		at org.apache.catalina.util.LifecycleBase.init(LifecycleBase.java:127)
		at org.apache.catalina.core.StandardService.initInternal(StandardService.java:564)
		at org.apache.catalina.util.LifecycleBase.init(LifecycleBase.java:127)
		at org.apache.catalina.core.StandardServer.initInternal(StandardServer.java:854)
		at org.apache.catalina.util.LifecycleBase.init(LifecycleBase.java:127)
		at org.apache.catalina.startup.Catalina.load(Catalina.java:646)
		at org.apache.catalina.startup.Catalina.load(Catalina.java:669)
		at sun.reflect.NativeMethodAccessorImpl.invoke0(Native Method)
		at sun.reflect.NativeMethodAccessorImpl.invoke(Unknown Source)
		at sun.reflect.DelegatingMethodAccessorImpl.invoke(Unknown Source)
		at java.lang.reflect.Method.invoke(Unknown Source)
		at org.apache.catalina.startup.Bootstrap.load(Bootstrap.java:307)
		at org.apache.catalina.startup.Bootstrap.main(Bootstrap.java:477)
	Caused by: java.net.BindException: Address already in use: bind
		at sun.nio.ch.Net.bind0(Native Method)
		at sun.nio.ch.Net.bind(Unknown Source)
		at sun.nio.ch.Net.bind(Unknown Source)
		at sun.nio.ch.ServerSocketChannelImpl.bind(Unknown Source)
		at sun.nio.ch.ServerSocketAdaptor.bind(Unknown Source)
		at org.apache.tomcat.util.net.NioEndpoint.initServerSocket(NioEndpoint.java:226)
		at org.apache.tomcat.util.net.NioEndpoint.bind(NioEndpoint.java:202)
		at org.apache.tomcat.util.net.AbstractEndpoint.bindWithCleanup(AbstractEndpoint.java:1326)
		at org.apache.tomcat.util.net.AbstractEndpoint.init(AbstractEndpoint.java:1339)
		at org.apache.tomcat.util.net.AbstractJsseEndpoint.init(AbstractJsseEndpoint.java:231)
		at org.apache.coyote.AbstractProtocol.init(AbstractProtocol.java:695)
		at org.apache.coyote.http11.AbstractHttp11Protocol.init(AbstractHttp11Protocol.java:76)
		at org.apache.catalina.connector.Connector.initInternal(Connector.java:1073)
		... 13 more
14-May-2026 17:41:11.658 INFO [main] org.apache.catalina.startup.Catalina.load Initialization processed in 313 ms
14-May-2026 17:41:11.672 INFO [main] org.apache.catalina.core.StandardService.startInternal Starting service [Catalina]
14-May-2026 17:41:11.672 INFO [main] org.apache.catalina.core.StandardEngine.startInternal Starting Servlet engine: [Apache Tomcat/8.5.96]
14-May-2026 17:41:11.677 INFO [localhost-startStop-1] org.apache.catalina.startup.HostConfig.deployDirectory Deploying web application directory [C:\xampp\tomcat\webapps\blogphim]
14-May-2026 17:41:12.010 INFO [localhost-startStop-1] org.apache.jasper.servlet.TldScanner.scanJars At least one JAR was scanned for TLDs yet contained no TLDs. Enable debug logging for this logger for a complete list of JARs that were scanned but no TLDs were found in them. Skipping unneeded JARs during scanning can improve startup time and JSP compilation time.
14-May-2026 17:41:12.121 INFO [localhost-startStop-1] org.apache.catalina.startup.HostConfig.deployDirectory Deployment of web application directory [C:\xampp\tomcat\webapps\blogphim] has finished in [443] ms
14-May-2026 17:41:12.121 INFO [localhost-startStop-1] org.apache.catalina.startup.HostConfig.deployDirectory Deploying web application directory [C:\xampp\tomcat\webapps\docs]
14-May-2026 17:41:12.135 INFO [localhost-startStop-1] org.apache.catalina.startup.HostConfig.deployDirectory Deployment of web application directory [C:\xampp\tomcat\webapps\docs] has finished in [14] ms
14-May-2026 17:41:12.135 INFO [localhost-startStop-1] org.apache.catalina.startup.HostConfig.deployDirectory Deploying web application directory [C:\xampp\tomcat\webapps\examples]
14-May-2026 17:41:12.307 INFO [localhost-startStop-1] org.apache.catalina.startup.HostConfig.deployDirectory Deployment of web application directory [C:\xampp\tomcat\webapps\examples] has finished in [172] ms
14-May-2026 17:41:12.307 INFO [localhost-startStop-1] org.apache.catalina.startup.HostConfig.deployDirectory Deploying web application directory [C:\xampp\tomcat\webapps\host-manager]
14-May-2026 17:41:12.321 INFO [localhost-startStop-1] org.apache.catalina.startup.HostConfig.deployDirectory Deployment of web application directory [C:\xampp\tomcat\webapps\host-manager] has finished in [14] ms
14-May-2026 17:41:12.321 INFO [localhost-startStop-1] org.apache.catalina.startup.HostConfig.deployDirectory Deploying web application directory [C:\xampp\tomcat\webapps\manager]
14-May-2026 17:41:12.334 INFO [localhost-startStop-1] org.apache.catalina.startup.HostConfig.deployDirectory Deployment of web application directory [C:\xampp\tomcat\webapps\manager] has finished in [13] ms
14-May-2026 17:41:12.334 INFO [localhost-startStop-1] org.apache.catalina.startup.HostConfig.deployDirectory Deploying web application directory [C:\xampp\tomcat\webapps\ROOT]
14-May-2026 17:41:12.343 INFO [localhost-startStop-1] org.apache.catalina.startup.HostConfig.deployDirectory Deployment of web application directory [C:\xampp\tomcat\webapps\ROOT] has finished in [9] ms
14-May-2026 17:41:12.345 INFO [main] org.apache.catalina.startup.Catalina.start Server startup in 686 ms
14-May-2026 17:47:12.402 INFO [main] org.apache.catalina.startup.VersionLoggerListener.log Server version name:   Apache Tomcat/8.5.96
14-May-2026 17:47:12.404 INFO [main] org.apache.catalina.startup.VersionLoggerListener.log Server built:          Nov 10 2023 14:56:59 UTC
14-May-2026 17:47:12.405 INFO [main] org.apache.catalina.startup.VersionLoggerListener.log Server version number: 8.5.96.0
14-May-2026 17:47:12.405 INFO [main] org.apache.catalina.startup.VersionLoggerListener.log OS Name:               Windows 10
14-May-2026 17:47:12.405 INFO [main] org.apache.catalina.startup.VersionLoggerListener.log OS Version:            10.0
14-May-2026 17:47:12.406 INFO [main] org.apache.catalina.startup.VersionLoggerListener.log Architecture:          amd64
14-May-2026 17:47:12.406 INFO [main] org.apache.catalina.startup.VersionLoggerListener.log Java Home:             C:\Program Files\Java\jre1.8.0_251
14-May-2026 17:47:12.406 INFO [main] org.apache.catalina.startup.VersionLoggerListener.log JVM Version:           1.8.0_251-b08
14-May-2026 17:47:12.406 INFO [main] org.apache.catalina.startup.VersionLoggerListener.log JVM Vendor:            Oracle Corporation
14-May-2026 17:47:12.406 INFO [main] org.apache.catalina.startup.VersionLoggerListener.log CATALINA_BASE:         C:\xampp\tomcat
14-May-2026 17:47:12.406 INFO [main] org.apache.catalina.startup.VersionLoggerListener.log CATALINA_HOME:         C:\xampp\tomcat
14-May-2026 17:47:12.406 INFO [main] org.apache.catalina.startup.VersionLoggerListener.log Command line argument: -Djava.util.logging.config.file=c:\xampp\tomcat\conf\logging.properties
14-May-2026 17:47:12.406 INFO [main] org.apache.catalina.startup.VersionLoggerListener.log Command line argument: -Djava.util.logging.manager=org.apache.juli.ClassLoaderLogManager
14-May-2026 17:47:12.406 INFO [main] org.apache.catalina.startup.VersionLoggerListener.log Command line argument: -Djdk.tls.ephemeralDHKeySize=2048
14-May-2026 17:47:12.407 INFO [main] org.apache.catalina.startup.VersionLoggerListener.log Command line argument: -Djava.protocol.handler.pkgs=org.apache.catalina.webresources
14-May-2026 17:47:12.407 INFO [main] org.apache.catalina.startup.VersionLoggerListener.log Command line argument: -Dignore.endorsed.dirs=
14-May-2026 17:47:12.407 INFO [main] org.apache.catalina.startup.VersionLoggerListener.log Command line argument: -Dcatalina.base=c:\xampp\tomcat
14-May-2026 17:47:12.407 INFO [main] org.apache.catalina.startup.VersionLoggerListener.log Command line argument: -Dcatalina.home=c:\xampp\tomcat
14-May-2026 17:47:12.407 INFO [main] org.apache.catalina.startup.VersionLoggerListener.log Command line argument: -Djava.io.tmpdir=c:\xampp\tomcat\temp
14-May-2026 17:47:12.408 INFO [main] org.apache.catalina.core.AprLifecycleListener.lifecycleEvent The Apache Tomcat Native library which allows using OpenSSL was not found on the java.library.path: [C:\Program Files\Java\jre1.8.0_251\bin;C:\WINDOWS\Sun\Java\bin;C:\WINDOWS\system32;C:\WINDOWS;C:\Program Files\Eclipse Adoptium\jdk-25.0.3.9-hotspot\bin;C:\Program Files (x86)\Common Files\Oracle\Java\javapath;C:\Windows\system32;C:\Windows;C:\Windows\System32\Wbem;C:\Windows\System32\WindowsPowerShell\v1.0\;C:\Windows\System32\OpenSSH\;C:\Program Files (x86)\NVIDIA Corporation\PhysX\Common;C:\WINDOWS\system32;C:\WINDOWS;C:\WINDOWS\System32\Wbem;C:\WINDOWS\System32\WindowsPowerShell\v1.0\;C:\WINDOWS\System32\OpenSSH\;C:\Program Files\NVIDIA Corporation\NVIDIA app\NvDLISR;C:\Program Files\dotnet\;C:\Program Files (x86)\Windows Kits\10\Windows Performance Toolkit\;C:\Program Files\Git\cmd;C:\Program Files\Cloudflare\Cloudflare WARP\;apache-maven-3.9.15\bin;C:\Program Files\apache-maven-3.9.15;c:\Users\Acer\AppData\Roaming\Code\User\globalStorage\github.copilot-chat\debugCommand;c:\Users\Acer\AppData\Roaming\Code\User\globalStorage\github.copilot-chat\copilotCli;C:\Users\Acer\AppData\Local\Programs\Microsoft VS Code;C:\Program Files (x86)\Common Files\Oracle\Java\javapath;C:\Windows\system32;C:\Windows;C:\Windows\System32\Wbem;C:\Windows\System32\WindowsPowerShell\v1.0\;C:\Windows\System32\OpenSSH\;C:\Program Files (x86)\NVIDIA Corporation\PhysX\Common;C:\WINDOWS\system32;C:\WINDOWS;C:\WINDOWS\System32\Wbem;C:\WINDOWS\System32\WindowsPowerShell\v1.0\;C:\WINDOWS\System32\OpenSSH\;C:\Program Files\NVIDIA Corporation\NVIDIA app\NvDLISR;C:\Program Files\dotnet\;C:\Program Files (x86)\Windows Kits\10\Windows Performance Toolkit\;C:\Program Files\Git\cmd;C:\Program Files\Cloudflare\Cloudflare WARP\;apache-maven-3.9.15\bin;C:\Program Files\apache-maven-3.9.15;C:\Users\Acer\AppData\Local\Microsoft\WindowsApps;C:\Users\Acer\AppData\Local\Programs\Microsoft VS Code\bin;c:\Users\Acer\.vscode\extensions\vscjav;C:\Program Files\Eclipse Adoptium\jdk-25.0.3.9-hotspot\bin;C:\Program Files\Eclipse Adoptium\jdk-25.0.3.9-hotspot\bin;.]
14-May-2026 17:47:12.471 INFO [main] org.apache.coyote.AbstractProtocol.init Initializing ProtocolHandler ["http-nio-8081"]
14-May-2026 17:47:12.477 SEVERE [main] org.apache.catalina.core.StandardService.initInternal Failed to initialize connector [Connector["http-nio-8081"]]
	org.apache.catalina.LifecycleException: Protocol handler initialization failed
		at org.apache.catalina.connector.Connector.initInternal(Connector.java:1075)
		at org.apache.catalina.util.LifecycleBase.init(LifecycleBase.java:127)
		at org.apache.catalina.core.StandardService.initInternal(StandardService.java:564)
		at org.apache.catalina.util.LifecycleBase.init(LifecycleBase.java:127)
		at org.apache.catalina.core.StandardServer.initInternal(StandardServer.java:854)
		at org.apache.catalina.util.LifecycleBase.init(LifecycleBase.java:127)
		at org.apache.catalina.startup.Catalina.load(Catalina.java:646)
		at org.apache.catalina.startup.Catalina.load(Catalina.java:669)
		at sun.reflect.NativeMethodAccessorImpl.invoke0(Native Method)
		at sun.reflect.NativeMethodAccessorImpl.invoke(Unknown Source)
		at sun.reflect.DelegatingMethodAccessorImpl.invoke(Unknown Source)
		at java.lang.reflect.Method.invoke(Unknown Source)
		at org.apache.catalina.startup.Bootstrap.load(Bootstrap.java:307)
		at org.apache.catalina.startup.Bootstrap.main(Bootstrap.java:477)
	Caused by: java.net.BindException: Address already in use: bind
		at sun.nio.ch.Net.bind0(Native Method)
		at sun.nio.ch.Net.bind(Unknown Source)
		at sun.nio.ch.Net.bind(Unknown Source)
		at sun.nio.ch.ServerSocketChannelImpl.bind(Unknown Source)
		at sun.nio.ch.ServerSocketAdaptor.bind(Unknown Source)
		at org.apache.tomcat.util.net.NioEndpoint.initServerSocket(NioEndpoint.java:226)
		at org.apache.tomcat.util.net.NioEndpoint.bind(NioEndpoint.java:202)
		at org.apache.tomcat.util.net.AbstractEndpoint.bindWithCleanup(AbstractEndpoint.java:1326)
		at org.apache.tomcat.util.net.AbstractEndpoint.init(AbstractEndpoint.java:1339)
		at org.apache.tomcat.util.net.AbstractJsseEndpoint.init(AbstractJsseEndpoint.java:231)
		at org.apache.coyote.AbstractProtocol.init(AbstractProtocol.java:695)
		at org.apache.coyote.http11.AbstractHttp11Protocol.init(AbstractHttp11Protocol.java:76)
		at org.apache.catalina.connector.Connector.initInternal(Connector.java:1073)
		... 13 more
14-May-2026 17:47:12.478 INFO [main] org.apache.catalina.startup.Catalina.load Initialization processed in 275 ms
14-May-2026 17:47:12.491 INFO [main] org.apache.catalina.core.StandardService.startInternal Starting service [Catalina]
14-May-2026 17:47:12.491 INFO [main] org.apache.catalina.core.StandardEngine.startInternal Starting Servlet engine: [Apache Tomcat/8.5.96]
14-May-2026 17:47:12.497 INFO [localhost-startStop-1] org.apache.catalina.startup.HostConfig.deployDirectory Deploying web application directory [C:\xampp\tomcat\webapps\blogphim]
14-May-2026 17:47:12.802 INFO [localhost-startStop-1] org.apache.jasper.servlet.TldScanner.scanJars At least one JAR was scanned for TLDs yet contained no TLDs. Enable debug logging for this logger for a complete list of JARs that were scanned but no TLDs were found in them. Skipping unneeded JARs during scanning can improve startup time and JSP compilation time.
14-May-2026 17:47:12.905 INFO [localhost-startStop-1] org.apache.catalina.startup.HostConfig.deployDirectory Deployment of web application directory [C:\xampp\tomcat\webapps\blogphim] has finished in [408] ms
14-May-2026 17:47:12.906 INFO [localhost-startStop-1] org.apache.catalina.startup.HostConfig.deployDirectory Deploying web application directory [C:\xampp\tomcat\webapps\docs]
14-May-2026 17:47:12.919 INFO [localhost-startStop-1] org.apache.catalina.startup.HostConfig.deployDirectory Deployment of web application directory [C:\xampp\tomcat\webapps\docs] has finished in [13] ms
14-May-2026 17:47:12.920 INFO [localhost-startStop-1] org.apache.catalina.startup.HostConfig.deployDirectory Deploying web application directory [C:\xampp\tomcat\webapps\examples]
14-May-2026 17:47:13.072 INFO [localhost-startStop-1] org.apache.catalina.startup.HostConfig.deployDirectory Deployment of web application directory [C:\xampp\tomcat\webapps\examples] has finished in [152] ms
14-May-2026 17:47:13.072 INFO [localhost-startStop-1] org.apache.catalina.startup.HostConfig.deployDirectory Deploying web application directory [C:\xampp\tomcat\webapps\host-manager]
14-May-2026 17:47:13.085 INFO [localhost-startStop-1] org.apache.catalina.startup.HostConfig.deployDirectory Deployment of web application directory [C:\xampp\tomcat\webapps\host-manager] has finished in [13] ms
14-May-2026 17:47:13.086 INFO [localhost-startStop-1] org.apache.catalina.startup.HostConfig.deployDirectory Deploying web application directory [C:\xampp\tomcat\webapps\manager]
14-May-2026 17:47:13.098 INFO [localhost-startStop-1] org.apache.catalina.startup.HostConfig.deployDirectory Deployment of web application directory [C:\xampp\tomcat\webapps\manager] has finished in [12] ms
14-May-2026 17:47:13.098 INFO [localhost-startStop-1] org.apache.catalina.startup.HostConfig.deployDirectory Deploying web application directory [C:\xampp\tomcat\webapps\ROOT]
14-May-2026 17:47:13.108 INFO [localhost-startStop-1] org.apache.catalina.startup.HostConfig.deployDirectory Deployment of web application directory [C:\xampp\tomcat\webapps\ROOT] has finished in [10] ms
14-May-2026 17:47:13.110 INFO [main] org.apache.catalina.startup.Catalina.start Server startup in 631 ms
14-May-2026 17:50:31.262 INFO [main] org.apache.catalina.startup.VersionLoggerListener.log Server version name:   Apache Tomcat/8.5.96
14-May-2026 17:50:31.263 INFO [main] org.apache.catalina.startup.VersionLoggerListener.log Server built:          Nov 10 2023 14:56:59 UTC
14-May-2026 17:50:31.264 INFO [main] org.apache.catalina.startup.VersionLoggerListener.log Server version number: 8.5.96.0
14-May-2026 17:50:31.265 INFO [main] org.apache.catalina.startup.VersionLoggerListener.log OS Name:               Windows 10
14-May-2026 17:50:31.265 INFO [main] org.apache.catalina.startup.VersionLoggerListener.log OS Version:            10.0
14-May-2026 17:50:31.265 INFO [main] org.apache.catalina.startup.VersionLoggerListener.log Architecture:          amd64
14-May-2026 17:50:31.265 INFO [main] org.apache.catalina.startup.VersionLoggerListener.log Java Home:             C:\Program Files\Java\jre1.8.0_251
14-May-2026 17:50:31.265 INFO [main] org.apache.catalina.startup.VersionLoggerListener.log JVM Version:           1.8.0_251-b08
14-May-2026 17:50:31.265 INFO [main] org.apache.catalina.startup.VersionLoggerListener.log JVM Vendor:            Oracle Corporation
14-May-2026 17:50:31.265 INFO [main] org.apache.catalina.startup.VersionLoggerListener.log CATALINA_BASE:         C:\xampp\tomcat
14-May-2026 17:50:31.265 INFO [main] org.apache.catalina.startup.VersionLoggerListener.log CATALINA_HOME:         C:\xampp\tomcat
14-May-2026 17:50:31.265 INFO [main] org.apache.catalina.startup.VersionLoggerListener.log Command line argument: -Djava.util.logging.config.file=c:\xampp\tomcat\conf\logging.properties
14-May-2026 17:50:31.265 INFO [main] org.apache.catalina.startup.VersionLoggerListener.log Command line argument: -Djava.util.logging.manager=org.apache.juli.ClassLoaderLogManager
14-May-2026 17:50:31.266 INFO [main] org.apache.catalina.startup.VersionLoggerListener.log Command line argument: -Djdk.tls.ephemeralDHKeySize=2048
14-May-2026 17:50:31.266 INFO [main] org.apache.catalina.startup.VersionLoggerListener.log Command line argument: -Djava.protocol.handler.pkgs=org.apache.catalina.webresources
14-May-2026 17:50:31.266 INFO [main] org.apache.catalina.startup.VersionLoggerListener.log Command line argument: -Dignore.endorsed.dirs=
14-May-2026 17:50:31.267 INFO [main] org.apache.catalina.startup.VersionLoggerListener.log Command line argument: -Dcatalina.base=c:\xampp\tomcat
14-May-2026 17:50:31.267 INFO [main] org.apache.catalina.startup.VersionLoggerListener.log Command line argument: -Dcatalina.home=c:\xampp\tomcat
14-May-2026 17:50:31.267 INFO [main] org.apache.catalina.startup.VersionLoggerListener.log Command line argument: -Djava.io.tmpdir=c:\xampp\tomcat\temp
14-May-2026 17:50:31.268 INFO [main] org.apache.catalina.core.AprLifecycleListener.lifecycleEvent The Apache Tomcat Native library which allows using OpenSSL was not found on the java.library.path: [C:\Program Files\Java\jre1.8.0_251\bin;C:\WINDOWS\Sun\Java\bin;C:\WINDOWS\system32;C:\WINDOWS;C:\Program Files\Eclipse Adoptium\jdk-25.0.3.9-hotspot\bin;C:\Program Files (x86)\Common Files\Oracle\Java\javapath;C:\Windows\system32;C:\Windows;C:\Windows\System32\Wbem;C:\Windows\System32\WindowsPowerShell\v1.0\;C:\Windows\System32\OpenSSH\;C:\Program Files (x86)\NVIDIA Corporation\PhysX\Common;C:\WINDOWS\system32;C:\WINDOWS;C:\WINDOWS\System32\Wbem;C:\WINDOWS\System32\WindowsPowerShell\v1.0\;C:\WINDOWS\System32\OpenSSH\;C:\Program Files\NVIDIA Corporation\NVIDIA app\NvDLISR;C:\Program Files\dotnet\;C:\Program Files (x86)\Windows Kits\10\Windows Performance Toolkit\;C:\Program Files\Git\cmd;C:\Program Files\Cloudflare\Cloudflare WARP\;apache-maven-3.9.15\bin;C:\Program Files\apache-maven-3.9.15;JAVA_HOME\bin;c:\Users\Acer\AppData\Roaming\Code\User\globalStorage\github.copilot-chat\debugCommand;c:\Users\Acer\AppData\Roaming\Code\User\globalStorage\github.copilot-chat\copilotCli;C:\Users\Acer\AppData\Local\Programs\Microsoft VS Code;C:\Program Files (x86)\Common Files\Oracle\Java\javapath;C:\Windows\system32;C:\Windows;C:\Windows\System32\Wbem;C:\Windows\System32\WindowsPowerShell\v1.0\;C:\Windows\System32\OpenSSH\;C:\Program Files (x86)\NVIDIA Corporation\PhysX\Common;C:\WINDOWS\system32;C:\WINDOWS;C:\WINDOWS\System32\Wbem;C:\WINDOWS\System32\WindowsPowerShell\v1.0\;C:\WINDOWS\System32\OpenSSH\;C:\Program Files\NVIDIA Corporation\NVIDIA app\NvDLISR;C:\Program Files\dotnet\;C:\Program Files (x86)\Windows Kits\10\Windows Performance Toolkit\;C:\Program Files\Git\cmd;C:\Program Files\Cloudflare\Cloudflare WARP\;apache-maven-3.9.15\bin;C:\Program Files\apache-maven-3.9.15;C:\Users\Acer\AppData\Local\Microsoft\WindowsApps;C:\Users\Acer\AppData\Local\Programs\Microsoft VS Code\bin;c:\Users\Acer\.vscode\extensions\vscjav;C:\Program Files\Eclipse Adoptium\jdk-25.0.3.9-hotspot\bin;C:\Program Files\Eclipse Adoptium\jdk-25.0.3.9-hotspot\bin;.]
14-May-2026 17:50:31.333 INFO [main] org.apache.coyote.AbstractProtocol.init Initializing ProtocolHandler ["http-nio-8181"]
14-May-2026 17:50:31.343 INFO [main] org.apache.catalina.startup.Catalina.load Initialization processed in 298 ms
14-May-2026 17:50:31.358 INFO [main] org.apache.catalina.core.StandardService.startInternal Starting service [Catalina]
14-May-2026 17:50:31.358 INFO [main] org.apache.catalina.core.StandardEngine.startInternal Starting Servlet engine: [Apache Tomcat/8.5.96]
14-May-2026 17:50:31.365 INFO [localhost-startStop-1] org.apache.catalina.startup.HostConfig.deployDirectory Deploying web application directory [C:\xampp\tomcat\webapps\blogphim]
14-May-2026 17:50:31.679 INFO [localhost-startStop-1] org.apache.jasper.servlet.TldScanner.scanJars At least one JAR was scanned for TLDs yet contained no TLDs. Enable debug logging for this logger for a complete list of JARs that were scanned but no TLDs were found in them. Skipping unneeded JARs during scanning can improve startup time and JSP compilation time.
14-May-2026 17:50:31.785 INFO [localhost-startStop-1] org.apache.catalina.startup.HostConfig.deployDirectory Deployment of web application directory [C:\xampp\tomcat\webapps\blogphim] has finished in [420] ms
14-May-2026 17:50:31.786 INFO [localhost-startStop-1] org.apache.catalina.startup.HostConfig.deployDirectory Deploying web application directory [C:\xampp\tomcat\webapps\docs]
14-May-2026 17:50:31.798 INFO [localhost-startStop-1] org.apache.catalina.startup.HostConfig.deployDirectory Deployment of web application directory [C:\xampp\tomcat\webapps\docs] has finished in [12] ms
14-May-2026 17:50:31.798 INFO [localhost-startStop-1] org.apache.catalina.startup.HostConfig.deployDirectory Deploying web application directory [C:\xampp\tomcat\webapps\examples]
14-May-2026 17:50:31.969 INFO [localhost-startStop-1] org.apache.catalina.startup.HostConfig.deployDirectory Deployment of web application directory [C:\xampp\tomcat\webapps\examples] has finished in [171] ms
14-May-2026 17:50:31.969 INFO [localhost-startStop-1] org.apache.catalina.startup.HostConfig.deployDirectory Deploying web application directory [C:\xampp\tomcat\webapps\host-manager]
14-May-2026 17:50:31.983 INFO [localhost-startStop-1] org.apache.catalina.startup.HostConfig.deployDirectory Deployment of web application directory [C:\xampp\tomcat\webapps\host-manager] has finished in [13] ms
14-May-2026 17:50:31.983 INFO [localhost-startStop-1] org.apache.catalina.startup.HostConfig.deployDirectory Deploying web application directory [C:\xampp\tomcat\webapps\manager]
14-May-2026 17:50:31.994 INFO [localhost-startStop-1] org.apache.catalina.startup.HostConfig.deployDirectory Deployment of web application directory [C:\xampp\tomcat\webapps\manager] has finished in [11] ms
14-May-2026 17:50:31.994 INFO [localhost-startStop-1] org.apache.catalina.startup.HostConfig.deployDirectory Deploying web application directory [C:\xampp\tomcat\webapps\ROOT]
14-May-2026 17:50:32.003 INFO [localhost-startStop-1] org.apache.catalina.startup.HostConfig.deployDirectory Deployment of web application directory [C:\xampp\tomcat\webapps\ROOT] has finished in [9] ms
14-May-2026 17:50:32.004 INFO [main] org.apache.coyote.AbstractProtocol.start Starting ProtocolHandler ["http-nio-8181"]
14-May-2026 17:50:32.051 INFO [main] org.apache.catalina.startup.Catalina.start Server startup in 706 ms
14-May-2026 18:00:52.206 INFO [main] org.apache.catalina.startup.VersionLoggerListener.log Server version name:   Apache Tomcat/8.5.96
14-May-2026 18:00:52.207 INFO [main] org.apache.catalina.startup.VersionLoggerListener.log Server built:          Nov 10 2023 14:56:59 UTC
14-May-2026 18:00:52.208 INFO [main] org.apache.catalina.startup.VersionLoggerListener.log Server version number: 8.5.96.0
14-May-2026 18:00:52.209 INFO [main] org.apache.catalina.startup.VersionLoggerListener.log OS Name:               Windows 10
14-May-2026 18:00:52.209 INFO [main] org.apache.catalina.startup.VersionLoggerListener.log OS Version:            10.0
14-May-2026 18:00:52.209 INFO [main] org.apache.catalina.startup.VersionLoggerListener.log Architecture:          amd64
14-May-2026 18:00:52.209 INFO [main] org.apache.catalina.startup.VersionLoggerListener.log Java Home:             C:\Program Files\Java\jre1.8.0_251
14-May-2026 18:00:52.209 INFO [main] org.apache.catalina.startup.VersionLoggerListener.log JVM Version:           1.8.0_251-b08
14-May-2026 18:00:52.209 INFO [main] org.apache.catalina.startup.VersionLoggerListener.log JVM Vendor:            Oracle Corporation
14-May-2026 18:00:52.209 INFO [main] org.apache.catalina.startup.VersionLoggerListener.log CATALINA_BASE:         C:\xampp\tomcat
14-May-2026 18:00:52.209 INFO [main] org.apache.catalina.startup.VersionLoggerListener.log CATALINA_HOME:         C:\xampp\tomcat
14-May-2026 18:00:52.209 INFO [main] org.apache.catalina.startup.VersionLoggerListener.log Command line argument: -Djava.util.logging.config.file=c:\xampp\tomcat\conf\logging.properties
14-May-2026 18:00:52.210 INFO [main] org.apache.catalina.startup.VersionLoggerListener.log Command line argument: -Djava.util.logging.manager=org.apache.juli.ClassLoaderLogManager
14-May-2026 18:00:52.210 INFO [main] org.apache.catalina.startup.VersionLoggerListener.log Command line argument: -Djdk.tls.ephemeralDHKeySize=2048
14-May-2026 18:00:52.210 INFO [main] org.apache.catalina.startup.VersionLoggerListener.log Command line argument: -Djava.protocol.handler.pkgs=org.apache.catalina.webresources
14-May-2026 18:00:52.210 INFO [main] org.apache.catalina.startup.VersionLoggerListener.log Command line argument: -Dignore.endorsed.dirs=
14-May-2026 18:00:52.210 INFO [main] org.apache.catalina.startup.VersionLoggerListener.log Command line argument: -Dcatalina.base=c:\xampp\tomcat
14-May-2026 18:00:52.210 INFO [main] org.apache.catalina.startup.VersionLoggerListener.log Command line argument: -Dcatalina.home=c:\xampp\tomcat
14-May-2026 18:00:52.210 INFO [main] org.apache.catalina.startup.VersionLoggerListener.log Command line argument: -Djava.io.tmpdir=c:\xampp\tomcat\temp
14-May-2026 18:00:52.210 INFO [main] org.apache.catalina.core.AprLifecycleListener.lifecycleEvent The Apache Tomcat Native library which allows using OpenSSL was not found on the java.library.path: [C:\Program Files\Java\jre1.8.0_251\bin;C:\WINDOWS\Sun\Java\bin;C:\WINDOWS\system32;C:\WINDOWS;C:\Program Files\Eclipse Adoptium\jdk-25.0.3.9-hotspot\bin;C:\Program Files (x86)\Common Files\Oracle\Java\javapath;C:\Windows\system32;C:\Windows;C:\Windows\System32\Wbem;C:\Windows\System32\WindowsPowerShell\v1.0\;C:\Windows\System32\OpenSSH\;C:\Program Files (x86)\NVIDIA Corporation\PhysX\Common;C:\WINDOWS\system32;C:\WINDOWS;C:\WINDOWS\System32\Wbem;C:\WINDOWS\System32\WindowsPowerShell\v1.0\;C:\WINDOWS\System32\OpenSSH\;C:\Program Files\NVIDIA Corporation\NVIDIA app\NvDLISR;C:\Program Files\dotnet\;C:\Program Files (x86)\Windows Kits\10\Windows Performance Toolkit\;C:\Program Files\Git\cmd;C:\Program Files\Cloudflare\Cloudflare WARP\;apache-maven-3.9.15\bin;C:\Program Files\apache-maven-3.9.15;JAVA_HOME\bin;c:\Users\Acer\AppData\Roaming\Code\User\globalStorage\github.copilot-chat\debugCommand;c:\Users\Acer\AppData\Roaming\Code\User\globalStorage\github.copilot-chat\copilotCli;C:\Users\Acer\AppData\Local\Programs\Microsoft VS Code;C:\Program Files (x86)\Common Files\Oracle\Java\javapath;C:\Windows\system32;C:\Windows;C:\Windows\System32\Wbem;C:\Windows\System32\WindowsPowerShell\v1.0\;C:\Windows\System32\OpenSSH\;C:\Program Files (x86)\NVIDIA Corporation\PhysX\Common;C:\WINDOWS\system32;C:\WINDOWS;C:\WINDOWS\System32\Wbem;C:\WINDOWS\System32\WindowsPowerShell\v1.0\;C:\WINDOWS\System32\OpenSSH\;C:\Program Files\NVIDIA Corporation\NVIDIA app\NvDLISR;C:\Program Files\dotnet\;C:\Program Files (x86)\Windows Kits\10\Windows Performance Toolkit\;C:\Program Files\Git\cmd;C:\Program Files\Cloudflare\Cloudflare WARP\;apache-maven-3.9.15\bin;C:\Program Files\apache-maven-3.9.15;C:\Users\Acer\AppData\Local\Microsoft\WindowsApps;C:\Users\Acer\AppData\Local\Programs\Microsoft VS Code\bin;c:\Users\Acer\.vscode\extensions\vscjav;C:\Program Files\Eclipse Adoptium\jdk-25.0.3.9-hotspot\bin;C:\Program Files\Eclipse Adoptium\jdk-25.0.3.9-hotspot\bin;.]
14-May-2026 18:00:52.272 INFO [main] org.apache.coyote.AbstractProtocol.init Initializing ProtocolHandler ["http-nio-8181"]
14-May-2026 18:00:52.282 INFO [main] org.apache.catalina.startup.Catalina.load Initialization processed in 276 ms
14-May-2026 18:00:52.296 INFO [main] org.apache.catalina.core.StandardService.startInternal Starting service [Catalina]
14-May-2026 18:00:52.296 INFO [main] org.apache.catalina.core.StandardEngine.startInternal Starting Servlet engine: [Apache Tomcat/8.5.96]
14-May-2026 18:00:52.301 INFO [localhost-startStop-1] org.apache.catalina.startup.HostConfig.deployDirectory Deploying web application directory [C:\xampp\tomcat\webapps\blogphim]
14-May-2026 18:00:52.597 INFO [localhost-startStop-1] org.apache.jasper.servlet.TldScanner.scanJars At least one JAR was scanned for TLDs yet contained no TLDs. Enable debug logging for this logger for a complete list of JARs that were scanned but no TLDs were found in them. Skipping unneeded JARs during scanning can improve startup time and JSP compilation time.
14-May-2026 18:00:52.700 INFO [localhost-startStop-1] org.apache.catalina.startup.HostConfig.deployDirectory Deployment of web application directory [C:\xampp\tomcat\webapps\blogphim] has finished in [398] ms
14-May-2026 18:00:52.700 INFO [localhost-startStop-1] org.apache.catalina.startup.HostConfig.deployDirectory Deploying web application directory [C:\xampp\tomcat\webapps\docs]
14-May-2026 18:00:52.712 INFO [localhost-startStop-1] org.apache.catalina.startup.HostConfig.deployDirectory Deployment of web application directory [C:\xampp\tomcat\webapps\docs] has finished in [12] ms
14-May-2026 18:00:52.712 INFO [localhost-startStop-1] org.apache.catalina.startup.HostConfig.deployDirectory Deploying web application directory [C:\xampp\tomcat\webapps\examples]
14-May-2026 18:00:52.866 INFO [localhost-startStop-1] org.apache.catalina.startup.HostConfig.deployDirectory Deployment of web application directory [C:\xampp\tomcat\webapps\examples] has finished in [154] ms
14-May-2026 18:00:52.866 INFO [localhost-startStop-1] org.apache.catalina.startup.HostConfig.deployDirectory Deploying web application directory [C:\xampp\tomcat\webapps\host-manager]
14-May-2026 18:00:52.879 INFO [localhost-startStop-1] org.apache.catalina.startup.HostConfig.deployDirectory Deployment of web application directory [C:\xampp\tomcat\webapps\host-manager] has finished in [13] ms
14-May-2026 18:00:52.879 INFO [localhost-startStop-1] org.apache.catalina.startup.HostConfig.deployDirectory Deploying web application directory [C:\xampp\tomcat\webapps\manager]
14-May-2026 18:00:52.890 INFO [localhost-startStop-1] org.apache.catalina.startup.HostConfig.deployDirectory Deployment of web application directory [C:\xampp\tomcat\webapps\manager] has finished in [11] ms
14-May-2026 18:00:52.890 INFO [localhost-startStop-1] org.apache.catalina.startup.HostConfig.deployDirectory Deploying web application directory [C:\xampp\tomcat\webapps\ROOT]
14-May-2026 18:00:52.899 INFO [localhost-startStop-1] org.apache.catalina.startup.HostConfig.deployDirectory Deployment of web application directory [C:\xampp\tomcat\webapps\ROOT] has finished in [9] ms
14-May-2026 18:00:52.907 INFO [main] org.apache.coyote.AbstractProtocol.start Starting ProtocolHandler ["http-nio-8181"]
14-May-2026 18:00:52.942 INFO [main] org.apache.catalina.startup.Catalina.start Server startup in 659 ms
